name,num_cats,bst_cat_rnk,bst_cat,dt
2019 Houston Texans season,1,2,NFL,2026-09-21
50 Cent,1,397,Actor,2026-09-21
A. J. Brown,1,35,NFL,2026-09-21
AJ Dybantsa,1,48,NBA,2026-09-21
Aamir Khan,1,482,Actor,2026-09-21
Aaron Burr,1,399,Politician,2026-09-21
Aaron Donald,1,6,NFL,2026-09-21
Aaron Gordon,1,276,NBA,2026-09-21
Aaron Hernandez,1,58,NFL,2026-09-21
Aaron Jones,1,453,NFL,2026-09-21
Aaron Rodgers,1,29,NFL,2026-09-21
Aaron Wiggins,1,298,NBA,2026-09-21
Abbas Araghchi,1,158,Politician,2026-09-21
Abby Berner,1,66,Influencer,2026-09-21
Abdel Fattah El-Sisi,1,243,Politician,2026-09-21
Abdirazak Crypto,1,151,Crypto,2026-09-21
Abelardo de la Espriella,1,51,Politician,2026-09-21
Abella Danger,1,89,Actor,2026-09-21
Abhishek Banerjee,1,443,Politician,2026-09-21
Abigaiil Morris,1,330,Actor,2026-09-21
Abigail Shapiro,1,141,Influencer,2026-09-21
Abu Crypto,1,42,Crypto,2026-09-21
Ace Bailey,1,341,NBA,2026-09-21
Actor,11,19,Actor,2026-09-21
Adam Neumann,1,141,Billionaire,2026-09-21
Adam Rodriguez,1,258,NFL,2026-09-21
Adam Sandler,1,176,Actor,2026-09-21
Adam Schefter,1,290,NFL,2026-09-21
Adam Silver,1,117,NBA,2026-09-21
Adam Vinatieri Jr.,1,340,NFL,2026-09-21
Adarsh Gourav,1,313,Influencer,2026-09-21
Aday Mara,1,149,NBA,2026-09-21
Adele,1,424,Actor,2026-09-21
Adem Bona,1,466,NBA,2026-09-21
Adin Ross,1,280,NBA,2026-09-21
Adolf Hitler,2,19,Politician,2026-09-21
Adrian Peterson,1,275,NFL,2026-09-21
Ahmad Crypto,1,163,Crypto,2026-09-21
Ahmed Crypto,1,164,Crypto,2026-09-21
Ahmed al-Sharaa,1,255,Politician,2026-09-21
Ahsan Khan,1,306,Influencer,2026-09-21
Aiden Pleterski,1,1,Crypto,2026-09-21
Aisha Crypto,1,169,Crypto,2026-09-21
Aishwarya Rajesh,1,123,Influencer,2026-09-21
Ajay Crypto,1,117,Crypto,2026-09-21
Ajey Nagar,1,233,Influencer,2026-09-21
Akhilesh Yadav,1,298,Politician,2026-09-21
Akira Akbar,1,298,Influencer,2026-09-21
Al Gore,1,267,Politician,2026-09-21
Al Horford,1,318,NBA,2026-09-21
Al Pacino,1,260,Actor,2026-09-21
Al Waleed bin Talal Al Saud,1,118,Billionaire,2026-09-21
Alan Arrieta,1,309,Influencer,2026-09-21
Alan Chikin Chow,1,277,Influencer,2026-09-21
Alan Peter Cayetano,1,467,Politician,2026-09-21
Alan Ritchson,1,173,Actor,2026-09-21
Alan Sugar,1,206,Billionaire,2026-09-21
Alanis Guillen,1,238,Influencer,2026-09-21
Albert Crypto,1,82,Crypto,2026-09-21
Albert Crypto Hacker,1,74,Crypto,2026-09-21
Albert Einstein,1,254,Actor,2026-09-21
Alberto Fujimori,1,186,Politician,2026-09-21
Aldo Rendón,1,83,Influencer,2026-09-21
Alec Pierce,1,289,NFL,2026-09-21
Aleena Crypto,1,128,Crypto,2026-09-21
Alejandra Omaña,1,66,Politician,2026-09-21
Alejandro Betancourt López,1,147,Billionaire,2026-09-21
Aleksandar Vučić,1,257,Politician,2026-09-21
Alessandro Di Battista,1,134,Politician,2026-09-21
Alex Antetokounmpo,1,436,NBA,2026-09-21
Alex Caruso,1,326,NBA,2026-09-21
Alex Consani,1,75,Influencer,2026-09-21
Alex Crypto,1,50,Crypto,2026-09-21
Alex Karp,1,67,Billionaire,2026-09-21
Alex Padilla,1,429,Politician,2026-09-21
Alex Rodriguez,1,187,NBA,2026-09-21
Alex Sarr,1,350,NBA,2026-09-21
Alex Warren,1,32,Influencer,2026-09-21
Alexa Blair Robertson,1,379,Influencer,2026-09-21
Alexa Crypto,1,119,Crypto,2026-09-21
Alexander Hamilton,1,119,Politician,2026-09-21
Alexander Soros,1,162,Billionaire,2026-09-21
Alexandr Wang,1,120,Billionaire,2026-09-21
Alexandra Botez,1,172,Influencer,2026-09-21
Alexandra Daddario,1,149,Actor,2026-09-21
Alexandre de Moraes,1,95,Politician,2026-09-21
Alexandria Ocasio-Cortez,1,55,Politician,2026-09-21
Alexei Navalny,1,139,Politician,2026-09-21
Alexis Ren,1,174,Influencer,2026-09-21
Alexis Texas,1,248,Actor,2026-09-21
Ali Biçim,1,287,Influencer,2026-09-21
Ali Khamenei,1,31,Politician,2026-09-21
Ali Larijani,1,453,Politician,2026-09-21
Ali Larter,1,350,Actor,2026-09-21
Alice Crypto,1,7,Crypto,2026-09-21
Alice Delish,1,129,Influencer,2026-09-21
Alice Walton,1,114,Billionaire,2026-09-21
Alice Weidel,1,192,Politician,2026-09-21
Aliko Dangote,1,89,Billionaire,2026-09-21
Alina Kabaeva,1,235,Politician,2026-09-21
Alisher Usmanov,1,108,Billionaire,2026-09-21
Alison Brie,1,272,Actor,2026-09-21
Allan Houston,1,183,NBA,2026-09-21
Allen Iverson,1,93,NBA,2026-09-21
Allena Crypto,1,36,Crypto,2026-09-21
Allie DeBerry,1,356,Influencer,2026-09-21
Alperen Şengün,1,43,NBA,2026-09-21
Alvarez Crypto,1,53,Crypto,2026-09-21
Alvaro Uribe Velez,1,456,Politician,2026-09-21
Alvin Kamara,1,130,NFL,2026-09-21
Alyn Crypto,1,102,Crypto,2026-09-21
Alyssa Thomas,1,112,NBA,2026-09-21
Alyx Star,1,193,Actor,2026-09-21
Amancio Ortega,1,105,Billionaire,2026-09-21
Amanda Balionis,1,364,NFL,2026-09-21
Amanda Bynes,1,326,Actor,2026-09-21
Amanda Seyfried,1,264,Actor,2026-09-21
Amar'e Stoudemire,1,385,NBA,2026-09-21
Amber Heard,1,343,Actor,2026-09-21
Amen Thompson,1,418,NBA,2026-09-21
Amg Saleem Crypto,1,46,Crypto,2026-09-21
Amit Shah,1,167,Politician,2026-09-21
Amitabh Bachchan,1,64,Politician,2026-09-21
Amon-Ra St. Brown,1,200,NFL,2026-09-21
Amy Adams,1,323,Actor,2026-09-21
Amy Klobuchar,1,448,Politician,2026-09-21
Ana de Armas,1,123,Actor,2026-09-21
Ananya Birla,1,86,Billionaire,2026-09-21
Anastasia Kvitko,1,107,Influencer,2026-09-21
Andre Drummond,1,139,NBA,2026-09-21
Andre Iguodala,1,397,NBA,2026-09-21
Andrea Brillantes,1,134,Influencer,2026-09-21
Andrea Kimi Antonelli,1,189,Actor,2026-09-21
Andrew Bynum,1,428,NBA,2026-09-21
Andrew Crypto,2,14,Crypto,2026-09-21
Andrew Cuomo,1,405,Politician,2026-09-21
Andrew Garfield,1,144,Actor,2026-09-21
Andrew Luck,1,418,NFL,2026-09-21
Andrew Tate,1,11,Influencer,2026-09-21
Andrew Wiggins,1,178,NBA,2026-09-21
Andrey Melnichenko,1,144,Billionaire,2026-09-21
Andriy Shevchenko,1,280,Politician,2026-09-21
Andruw Monasterio,1,366,NFL,2026-09-21
André 3000,1,103,Influencer,2026-09-21
André Mendonça,1,345,Politician,2026-09-21
Andrés Manuel López Obrador,1,251,Politician,2026-09-21
Andy Beshear,1,283,Politician,2026-09-21
Andy Burnham,1,18,Politician,2026-09-21
Andy Dalton,1,300,NFL,2026-09-21
Andy Reid,1,350,NFL,2026-09-21
Anfernee Simons,1,185,NBA,2026-09-21
Angel Smalls,1,11,Actor,2026-09-21
Angela Lansbury,1,165,Politician,2026-09-21
Angela Merkel,1,143,Politician,2026-09-21
Angela Rayner,1,366,Politician,2026-09-21
Angela White,1,70,Actor,2026-09-21
Angelina Castro,1,277,NBA,2026-09-21
Angelina Crypto,1,64,Crypto,2026-09-21
Angelina Jolie,1,111,Actor,2026-09-21
Angus Taylor,1,1,Politician,2026-09-21
Anil Agarwal,1,154,Billionaire,2026-09-21
Anish Crypto,1,146,Crypto,2026-09-21
Anissa Kate,1,30,Influencer,2026-09-21
Anjelah Johnson,1,284,NFL,2026-09-21
Ankita Dave,1,193,Influencer,2026-09-21
Ann Patchett,1,128,Influencer,2026-09-21
Ann Widdecombe,1,23,Politician,2026-09-21
Anna Delvey,1,72,Influencer,2026-09-21
Anna Faris,1,242,Actor,2026-09-21
Anna Lewandowska,1,97,Influencer,2026-09-21
Anna Nicole Smith,1,55,Billionaire,2026-09-21
Anna Paulina Luna,1,218,Politician,2026-09-21
Anna Todd,1,312,Influencer,2026-09-21
Annalena Baerbock,1,248,Politician,2026-09-21
Anne Hathaway,1,58,Actor,2026-09-21
Annette Bening,1,388,Actor,2026-09-21
Anthony Albanese,1,187,Politician,2026-09-21
Anthony Davis,1,59,NBA,2026-09-21
Anthony Edwards,1,44,NBA,2026-09-21
Anthony Fantano,1,152,Influencer,2026-09-21
Anthony Fauci,1,221,Actor,2026-09-21
Anthony Jeselnik,1,429,NFL,2026-09-21
Anthony Richardson Sr.,1,208,NFL,2026-09-21
Antoine Arnault,1,131,Billionaire,2026-09-21
Antoine Griezmann,1,386,Actor,2026-09-21
Antonela Roccuzzo,1,13,Influencer,2026-09-21
Antonio Brown,1,86,NFL,2026-09-21
Antonio Crypto,1,120,Crypto,2026-09-21
Antonio Freeman,1,183,NFL,2026-09-21
António Costa,1,343,Influencer,2026-09-21
Anveshi Jain,1,117,Influencer,2026-09-21
Anwar Ibrahim,1,318,Politician,2026-09-21
Apoorva Makhija,1,139,Influencer,2026-09-21
Arch Manning,1,105,NFL,2026-09-21
Archie Manning,1,465,NFL,2026-09-21
Ariana Biermann,1,178,Influencer,2026-09-21
Ariana Grande,1,64,Actor,2026-09-21
Ariel Hukporti,1,255,NBA,2026-09-21
Arnold Clark,1,60,Billionaire,2026-09-21
Arnold Schwarzenegger,2,21,Politician,2026-09-21
Arsh Crypto,1,127,Crypto,2026-09-21
Arthur Crypton,1,33,Crypto,2026-09-21
Arthur Jones,1,430,NFL,2026-09-21
Arvell Reese,1,369,NFL,2026-09-21
Arvind Kejriwal,1,384,Politician,2026-09-21
Ary Fontoura,1,240,Influencer,2026-09-21
Ashley Moody,1,427,Politician,2026-09-21
Ashley St. Clair,1,100,Influencer,2026-09-21
Ashton Jeanty,1,36,NFL,2026-09-21
Aspyn Ovard,1,405,Influencer,2026-09-21
Aubrey Plaza,1,474,Actor,2026-09-21
Augusto Cury,1,78,Politician,2026-09-21
Aung San Suu Kyi,1,468,Politician,2026-09-21
Austin Reaves,1,102,NBA,2026-09-21
Ava Addams,1,151,Actor,2026-09-21
Awa Fam,1,357,NBA,2026-09-21
Awra Briguela,1,374,Influencer,2026-09-21
Ayesha Takia,1,342,Politician,2026-09-21
Ayo Dosunmu,1,329,NBA,2026-09-21
Aziz Akhannouch,1,193,Billionaire,2026-09-21
Baba Sikander,1,130,NBA,2026-09-21
Babak Morteza Zanjani,1,172,Billionaire,2026-09-21
Babe Paley,1,260,Influencer,2026-09-21
Baby Ariel,1,268,Influencer,2026-09-21
Bahlil Lahadalia,1,377,Politician,2026-09-21
Bailey Sarian,1,349,Influencer,2026-09-21
Baker Mayfield,1,43,NFL,2026-09-21
Bam Adebayo,1,86,NBA,2026-09-21
Bang Si-Hyuk,1,145,Billionaire,2026-09-21
Barack Obama,2,22,Politician,2026-09-21
Baron Corbin,1,254,NFL,2026-09-21
Baron Davis,1,369,NBA,2026-09-21
Barron Trump,1,399,Actor,2026-09-21
Barry Sanders,1,375,NFL,2026-09-21
Bashar al-Assad,1,96,Politician,2026-09-21
Beat Billionaire,1,4,Billionaire,2026-09-21
Beau Biden,1,338,Politician,2026-09-21
Becca Bloom,1,169,Influencer,2026-09-21
Becky Hammon,1,219,NBA,2026-09-21
Bella Longuinho,1,202,Influencer,2026-09-21
Bella Thorne,1,451,Actor,2026-09-21
Belle Gibson,1,205,Influencer,2026-09-21
Belmont Cameli,1,145,Actor,2026-09-21
Ben Affleck,1,141,Actor,2026-09-21
Ben Carson,1,276,Politician,2026-09-21
Ben Crypto,3,28,Crypto,2026-09-21
Ben Lamm,1,174,Billionaire,2026-09-21
Ben Platt,1,455,Politician,2026-09-21
Ben Roethlisberger,1,91,NFL,2026-09-21
Ben Sasse,1,173,Politician,2026-09-21
Ben Simmons,1,87,NBA,2026-09-21
Ben Stiller,1,473,Actor,2026-09-21
Ben Wallace,1,339,NBA,2026-09-21
Benedict Cryptofash,1,31,Crypto,2026-09-21
Benito Mussolini,1,81,Politician,2026-09-21
Benjamin Franklin,1,89,Politician,2026-09-21
Benjamin Netanyahu,2,16,Politician,2026-09-21
Bennedict Mathurin,1,364,NBA,2026-09-21
Bennett Stirtz,1,421,NBA,2026-09-21
Benny Billionaire,1,9,Billionaire,2026-09-21
Benny Safdie,1,235,Actor,2026-09-21
Berk Atan,1,339,Influencer,2026-09-21
Bernadette Chirac,1,151,Politician,2026-09-21
Bernie Sanders,1,94,Politician,2026-09-21
Bertha von Suttner,1,319,Influencer,2026-09-21
Beyoncé,1,121,Actor,2026-09-21
Beéle,1,86,Influencer,2026-09-21
Bhagwant Mann,1,411,Politician,2026-09-21
Bhagyashree Limaye,1,386,Influencer,2026-09-21
Bhayshul Tuten,1,356,NFL,2026-09-21
Bhimrao Ramji Ambedkar,1,162,Politician,2026-09-21
Bhuvan Bam,1,191,Influencer,2026-09-21
Bianca Wahlgren Ingrosso,1,226,Influencer,2026-09-21
Bijan Robinson,1,97,NFL,2026-09-21
Bill Ackman,1,71,Billionaire,2026-09-21
Bill Belichick,1,85,NFL,2026-09-21
Bill Cassidy,1,414,Politician,2026-09-21
Bill Clinton,1,63,Politician,2026-09-21
Bill Crypto,1,10,Crypto,2026-09-21
Bill Gates,2,47,Billionaire,2026-09-21
Bill Goldberg,1,175,NFL,2026-09-21
Bill Russell,1,193,NBA,2026-09-21
Bill Simmons,1,278,NBA,2026-09-21
Bill Walton,1,411,NBA,2026-09-21
Billie Eilish,1,84,Actor,2026-09-21
Billie Jean King,1,103,NBA,2026-09-21
Billionaire,1,5,Billionaire,2026-09-21
Billionaire B,1,7,Billionaire,2026-09-21
Billionaire Barbie,2,11,Billionaire,2026-09-21
Billionaire Benjamin,1,44,Billionaire,2026-09-21
Billionaire Big Slater,1,41,Billionaire,2026-09-21
Billionaire Black,1,1,Billionaire,2026-09-21
Billionaire Boateng,1,40,Billionaire,2026-09-21
Billionaire Boy Shubham,1,36,Billionaire,2026-09-21
Billionaire Burke,1,8,Billionaire,2026-09-21
Billionaire CT,1,18,Billionaire,2026-09-21
Billionaire Kim,1,33,Billionaire,2026-09-21
Billionaire Patel,1,13,Billionaire,2026-09-21
Billionaire Tate Redpill,1,30,Billionaire,2026-09-21
Billy Donovan,1,485,NBA,2026-09-21
Bismack Biyombo,1,486,NBA,2026-09-21
Blake Blossom,1,425,Actor,2026-09-21
Blake Corum,1,467,NFL,2026-09-21
Blake Griffin,1,207,NBA,2026-09-21
Blake Lively,1,138,Actor,2026-09-21
Bo Jackson,1,182,NFL,2026-09-21
Bo Nix,1,162,NFL,2026-09-21
Bob Cousy,1,443,NBA,2026-09-21
Bob Dylan,1,448,Actor,2026-09-21
Bob Myers,1,406,NBA,2026-09-21
Bob Sapp,1,209,NFL,2026-09-21
Boban Marjanović,1,348,NBA,2026-09-21
Bobbi Althoff,1,94,Influencer,2026-09-21
Bobby Portis,1,251,NBA,2026-09-21
Bobby Wagner,1,247,NFL,2026-09-21
Bobi Wine,1,262,Politician,2026-09-21
Bogdan Bogdanović,1,292,NBA,2026-09-21
Bol Bol,1,45,NBA,2026-09-21
Bola Ahmed Tinubu,1,145,Politician,2026-09-21
Bongbong Marcos,1,314,Politician,2026-09-21
Bonnie Blue,1,61,Actor,2026-09-21
Bonny Billionaire,1,16,Billionaire,2026-09-21
Boris Johnson,1,197,Politician,2026-09-21
Boris Yeltsin,1,302,Politician,2026-09-21
Bozoma Saint John,1,331,Influencer,2026-09-21
Brad Falchuk,1,398,Politician,2026-09-21
Brad Pitt,1,82,Actor,2026-09-21
Brad Stevens,1,375,NBA,2026-09-21
Braden Smith,1,391,NBA,2026-09-21
Bradley Beal,1,190,NBA,2026-09-21
Bradley Chubb,1,136,NFL,2026-09-21
Bradley Cooper,1,285,Actor,2026-09-21
Brandi Love,1,169,Actor,2026-09-21
Brandon Aiyuk,1,16,NFL,2026-09-21
Brandon Clarke,1,107,NBA,2026-09-21
Brandon Gill,1,157,Politician,2026-09-21
Brandon Ingram,1,109,NBA,2026-09-21
Brandon Miller,1,394,NBA,2026-09-21
Brandt Tim Crypto,1,84,Crypto,2026-09-21
Brandy,1,59,Influencer,2026-09-21
Braxton Berrios,1,278,NFL,2026-09-21
Brayden Burries,1,340,NBA,2026-09-21
Breece Hall,1,242,NFL,2026-09-21
Brendan Sorsby,1,31,NFL,2026-09-21
Bretman Rock,1,212,Influencer,2026-09-21
Brett Favre,1,202,NFL,2026-09-21
Brett Goldstein,1,291,Actor,2026-09-21
Brian Billionaire,1,6,Billionaire,2026-09-21
Brian Bosworth,1,439,NFL,2026-09-21
Brian Gutiérrez,1,22,Influencer,2026-09-21
Brian Thomas Jr.,1,344,NFL,2026-09-21
Brian Urlacher,1,478,NFL,2026-09-21
Brie Larson,1,476,Actor,2026-09-21
Briel Adams-Wheatley,1,237,Influencer,2026-09-21
Britney Spears,1,165,Actor,2026-09-21
Brittany Broski,1,181,Influencer,2026-09-21
Brittney Griner,1,74,NBA,2026-09-21
Brock Bowers,1,279,NFL,2026-09-21
Brock Lesnar,1,21,NFL,2026-09-21
Brock Purdy,1,160,NFL,2026-09-21
Broderick Jones,1,393,NFL,2026-09-21
Bron Breakker,1,197,NFL,2026-09-21
Bronny James,1,24,NBA,2026-09-21
Brook Lopez,1,454,NBA,2026-09-21
Brooke Monk,1,25,Influencer,2026-09-21
Brooke Shields,1,431,Actor,2026-09-21
Brown Billionaire,1,19,Billionaire,2026-09-21
Bruce Crypto Lord,1,100,Crypto,2026-09-21
Bruce Lee,1,352,Actor,2026-09-21
Bruce Willis,1,81,Actor,2026-09-21
Bruna Marquezine,1,29,Influencer,2026-09-21
Bruno Mars,2,46,Billionaire,2026-09-21
Bryce Dallas Howard,1,178,Actor,2026-09-21
Bryce James,1,115,NBA,2026-09-21
Bryce Young,1,219,NFL,2026-09-21
Bubba Smith,1,448,NFL,2026-09-21
Bucky Irving,1,391,NFL,2026-09-21
Bud Clark,1,450,NFL,2026-09-21
Bunmi Crypto,1,148,Crypto,2026-09-21
Busta Rhymes,1,142,NFL,2026-09-21
Byron Donalds,1,79,Politician,2026-09-21
Bärbel Bas,1,425,Politician,2026-09-21
C. J. Gardner-Johnson,1,349,NFL,2026-09-21
C. J. Stroud,1,180,NFL,2026-09-21
C. Joseph Vijay,2,1,Actor,2026-09-21
CJ McCollum,1,374,NBA,2026-09-21
Cade Cunningham,1,170,NBA,2026-09-21
Cade Klubnik,1,235,NFL,2026-09-21
Cai Qi,1,418,Politician,2026-09-21
Caitlin Clark,1,8,NBA,2026-09-21
Calais Campbell,1,151,NFL,2026-09-21
Caleb Douglas,1,425,NFL,2026-09-21
Caleb Downs,1,204,NFL,2026-09-21
Caleb Love,1,145,NBA,2026-09-21
Caleb Williams,1,73,NFL,2026-09-21
Caleb Wilson,1,70,NBA,2026-09-21
Calvin Austin III,1,481,NFL,2026-09-21
Calvin Johnson,1,379,NFL,2026-09-21
Cam Newton,1,119,NFL,2026-09-21
Cam Reddish,1,430,NBA,2026-09-21
Cam Thomas,1,154,NBA,2026-09-21
Cam Whitmore,1,439,NBA,2026-09-21
Cameron Boozer,1,133,NBA,2026-09-21
Cameron Carr,1,144,NBA,2026-09-21
Cameron Diaz,1,251,Actor,2026-09-21
Cameron Johnson,1,465,NBA,2026-09-21
Cameron Jordan,1,394,NFL,2026-09-21
Cameron Skattebo,1,88,NFL,2026-09-21
Cameron Ward,1,127,NFL,2026-09-21
Camila Mendes,1,188,Actor,2026-09-21
Camille Gottlieb,1,401,Influencer,2026-09-21
Candace Owens,1,402,Actor,2026-09-21
Candace Parker,1,296,NBA,2026-09-21
Cardi B,1,275,Actor,2026-09-21
Carl Jung,1,35,Influencer,2026-09-21
Carl Lewis,2,432,NFL,2026-09-21
Carl Weathers,1,48,NFL,2026-09-21
Carlinhos Maia,1,251,Influencer,2026-09-21
Carlos Boozer,1,209,NBA,2026-09-21
Carlos Castaneda,1,211,Influencer,2026-09-21
Carlos Slim,1,96,Billionaire,2026-09-21
Carmelo Anthony,2,7,NBA,2026-09-21
Carnell Tate,1,198,NFL,2026-09-21
Caroline Daur,1,350,Influencer,2026-09-21
Carson Beck,1,13,NFL,2026-09-21
Carson Wentz,1,234,NFL,2026-09-21
Carsten Maschmeyer,1,157,Billionaire,2026-09-21
Carter Bryant,1,63,NBA,2026-09-21
Casey Means,1,361,Influencer,2026-09-21
Casimiro,1,192,Influencer,2026-09-21
Cason Wallace,1,462,NBA,2026-09-21
Cassandra Naud,1,272,Influencer,2026-09-21
Catalina Vallejos,1,378,Influencer,2026-09-21
"Catherine, Princess of Wales",1,162,Actor,2026-09-21
Cayden Boozer,1,331,NBA,2026-09-21
Cedi Osman,1,337,NBA,2026-09-21
CeeDee Lamb,1,149,NFL,2026-09-21
Celine Dion,1,307,Actor,2026-09-21
Celine Evangelista,1,396,Influencer,2026-09-21
Chabeli Iglesias,1,327,Influencer,2026-09-21
Chad Johnson,1,150,NFL,2026-09-21
Chad Michael Murray,1,369,Actor,2026-09-21
Chael Sonnen,1,315,Politician,2026-09-21
Chahatt Khanna,1,330,Influencer,2026-09-21
Chandler Jones,1,414,NFL,2026-09-21
Channing Tatum,1,335,Actor,2026-09-21
Charleen Murphy,1,283,Influencer,2026-09-21
Charlene Crypto,1,140,Crypto,2026-09-21
Charles Band,1,32,Actor,2026-09-21
Charles Barkley,1,90,NBA,2026-09-21
Charles Durning,1,14,Actor,2026-09-21
Charles III,1,177,Actor,2026-09-21
Charles Oakley,1,252,NBA,2026-09-21
Charles de Gaulle,1,164,Politician,2026-09-21
Charli D'Amelio,1,65,Influencer,2026-09-21
Charli xcx,1,180,Actor,2026-09-21
Charlie Puth,1,60,NFL,2026-09-21
Charlie Zaa,1,307,Influencer,2026-09-21
Charlize Theron,1,99,Actor,2026-09-21
Charlotte Caniggia,1,400,Influencer,2026-09-21
Charlotte Jones,1,456,NFL,2026-09-21
Chase Brown,1,438,NFL,2026-09-21
Chauncey Billups,1,356,NBA,2026-09-21
Che Guevara,1,47,Politician,2026-09-21
Cheng Li-wun,1,202,Politician,2026-09-21
Chennedy Carter,1,269,NBA,2026-09-21
Cher,1,433,Actor,2026-09-21
Chet Holmgren,1,94,NBA,2026-09-21
Chetan Bhagat,1,323,Influencer,2026-09-21
Chey Tae-won,1,117,Billionaire,2026-09-21
Chiang Wan-an,1,140,Politician,2026-09-21
Chiara Ferragni,1,67,Influencer,2026-09-21
Chico Crypto,1,6,Crypto,2026-09-21
Chingu Amiga,1,394,Influencer,2026-09-21
Chip Kelly,1,34,NFL,2026-09-21
Chiranjeevi,1,201,Politician,2026-09-21
Chloe Ting,1,133,Influencer,2026-09-21
Chris Berman,1,458,NFL,2026-09-21
Chris Bosh,1,302,NBA,2026-09-21
Chris Brown,1,270,Actor,2026-09-21
Chris Cenac Jr.,1,359,NBA,2026-09-21
Chris Evans,1,0,Actor,2026-09-21
Chris Godwin Jr.,1,482,NFL,2026-09-21
Chris Hemsworth,1,209,Actor,2026-09-21
Chris Johnson,1,24,NFL,2026-09-21
Chris Olave,1,260,NFL,2026-09-21
Chris Paul,1,80,NBA,2026-09-21
Chris Penn,1,139,NFL,2026-09-21
Chris Pratt,1,294,Actor,2026-09-21
Christian Bale,1,298,Actor,2026-09-21
Christian Crypto Og,1,73,Crypto,2026-09-21
Christian Gonzalez,2,148,NFL,2026-09-21
Christian McCaffrey,1,62,NFL,2026-09-21
Christian Pulisic,1,10,NBA,2026-09-21
Christian Watson,1,281,NFL,2026-09-21
Christina Aguilera,1,37,NBA,2026-09-21
Christine Lagarde,1,436,Politician,2026-09-21
Christopher Nolan,1,74,Actor,2026-09-21
Chuck Connors,1,313,NBA,2026-09-21
Chuck Norris,1,430,Actor,2026-09-21
Chuck Schumer,1,291,Politician,2026-09-21
Chunkz,1,316,Influencer,2026-09-21
Ciara Miller,1,79,Influencer,2026-09-21
Cicero,1,325,Politician,2026-09-21
Cierra Mistt,1,380,Influencer,2026-09-21
Cillian Murphy,1,318,Actor,2026-09-21
Claire Danes,1,376,Actor,2026-09-21
Claire Hogle,1,397,Influencer,2026-09-21
Claudia Obert,1,363,Influencer,2026-09-21
Claudia Sheinbaum,1,60,Politician,2026-09-21
Clavicular,1,4,Influencer,2026-09-21
Clay Matthews,1,480,NFL,2026-09-21
Clint Eastwood,2,17,Politician,2026-09-21
Clix,1,225,Influencer,2026-09-21
Clyde Drexler,1,467,NBA,2026-09-21
Coby Bryant,1,354,NFL,2026-09-21
Coby White,1,400,NBA,2026-09-21
Coco Jones,1,61,NFL,2026-09-21
Coco Lovelock,1,359,Actor,2026-09-21
Codie Sanchez,1,292,Influencer,2026-09-21
Cody Ko,1,263,Influencer,2026-09-21
Colbie Caillat,1,484,NFL,2026-09-21
Cole Hauser,1,444,Actor,2026-09-21
Colin Cowherd,1,449,NFL,2026-09-21
Colin Kaepernick,1,126,NFL,2026-09-21
Collin Sexton,1,240,NBA,2026-09-21
Colman Domingo,1,308,Actor,2026-09-21
Colston Loveland,1,302,NFL,2026-09-21
Colton Underwood,1,357,NFL,2026-09-21
Conor McGregor,1,63,Actor,2026-09-21
Cooper DeJean,2,201,NFL,2026-09-21
Cooper Flagg,1,73,NBA,2026-09-21
Cooper Kupp,1,221,NFL,2026-09-21
Cooper Rush,1,405,NFL,2026-09-21
Corey Maggette,1,222,NBA,2026-09-21
Cori Bush,1,374,Politician,2026-09-21
Cory Booker,1,363,Politician,2026-09-21
Cory Chase,1,243,Actor,2026-09-21
Coty Romero,1,375,Influencer,2026-09-21
Courteney Cox,1,442,Actor,2026-09-21
Cristiano Ronaldo,1,37,Actor,2026-09-21
Cristina Fernández de Kirchner,1,432,Politician,2026-09-21
Crypto,1,11,Crypto,2026-09-21
Crypto Aman,1,26,Crypto,2026-09-21
Crypto Antony,1,108,Crypto,2026-09-21
Crypto Br,1,168,Crypto,2026-09-21
Crypto Caesar,1,80,Crypto,2026-09-21
Crypto Carl,1,144,Crypto,2026-09-21
Crypto Casey,1,4,Crypto,2026-09-21
Crypto Davic,1,123,Crypto,2026-09-21
Crypto Duncan,1,90,Crypto,2026-09-21
Crypto Farmer,1,132,Crypto,2026-09-21
Crypto Frank,1,85,Crypto,2026-09-21
Crypto Hunter,1,89,Crypto,2026-09-21
Crypto John,1,130,Crypto,2026-09-21
Crypto Kelly,1,61,Crypto,2026-09-21
Crypto Killian,1,103,Crypto,2026-09-21
Crypto King,2,124,Crypto,2026-09-21
Crypto Knight,1,56,Crypto,2026-09-21
Crypto Lord,2,51,Crypto,2026-09-21
Crypto Matty,1,161,Crypto,2026-09-21
Crypto Minner,1,133,Crypto,2026-09-21
Crypto Mole,1,55,Crypto,2026-09-21
Crypto Monk,1,92,Crypto,2026-09-21
Crypto Order,1,8,Crypto,2026-09-21
Crypto Patel,2,3,Crypto,2026-09-21
Crypto Queen Sarah,1,138,Crypto,2026-09-21
Crypto Raymond,1,116,Crypto,2026-09-21
Crypto Sanders,1,159,Crypto,2026-09-21
Crypto Sandler,1,58,Crypto,2026-09-21
Crypto Sherpa,1,95,Crypto,2026-09-21
Crypto Singh,1,156,Crypto,2026-09-21
Crypto Swan,1,110,Crypto,2026-09-21
Crypto Zuhan,1,49,Crypto,2026-09-21
CryptoCharles__,1,16,Crypto,2026-09-21
CryptoChroma,1,20,Crypto,2026-09-21
Crypton,1,21,Crypto,2026-09-21
Cryptonium,1,19,Crypto,2026-09-21
Cryptonym,1,17,Crypto,2026-09-21
Cryptonyte,1,18,Crypto,2026-09-21
Cryptovolans,1,2,Crypto,2026-09-21
Cryptox,1,15,Crypto,2026-09-21
Cuauhtémoc Blanco,1,406,Politician,2026-09-21
Curry Barker,1,277,Actor,2026-09-21
Cyril Ramaphosa,1,331,Politician,2026-09-21
Cyrus Allen,1,203,NFL,2026-09-21
Céline Dept,1,28,Influencer,2026-09-21
D. K. Shivakumar,1,294,Politician,2026-09-21
DJ Lagway,1,464,NFL,2026-09-21
DJ Moore,1,154,NFL,2026-09-21
DK Metcalf,1,135,NFL,2026-09-21
Daisy Keech Yerger,1,293,Influencer,2026-09-21
Dak Prescott,1,78,NFL,2026-09-21
Dakota Fanning,1,336,Actor,2026-09-21
Dakota Johnson,1,199,Actor,2026-09-21
Dale Dickey,1,5,Actor,2026-09-21
Dalton Knecht,1,315,NBA,2026-09-21
Damar Hamlin,1,51,NFL,2026-09-21
Damian Lillard,1,68,NBA,2026-09-21
Damiano David,1,55,Influencer,2026-09-21
Dan Gilbert,1,177,Billionaire,2026-09-21
Dan Goldman,1,420,Politician,2026-09-21
Dan Marino,1,337,NFL,2026-09-21
Dana Carvey,1,106,Billionaire,2026-09-21
Dananeer Mobeen,1,231,Influencer,2026-09-21
Dandy Dino Crypto,1,141,Crypto,2026-09-21
Dani Daniels,1,265,Actor,2026-09-21
Daniel Crypto,2,38,Crypto,2026-09-21
Daniel Jones,1,244,NFL,2026-09-21
Daniel Noboa,1,460,Politician,2026-09-21
Daniel Ortega,1,102,Politician,2026-09-21
Daniel Radcliffe,1,423,Actor,2026-09-21
Danielle Smith,1,419,Politician,2026-09-21
Danielle Vasinova,1,322,Influencer,2026-09-21
Danny Crypto,3,47,Crypto,2026-09-21
Danny Green,1,398,NBA,2026-09-21
Dante Gebel,1,196,Influencer,2026-09-21
Darian Mensah,1,474,NFL,2026-09-21
Darius Acuff Jr.,1,179,NBA,2026-09-21
Darius Garland,1,382,NBA,2026-09-21
Darren Sharper,1,454,NFL,2026-09-21
Darren Waller,1,222,NFL,2026-09-21
Darryl Strawberry,1,426,NBA,2026-09-21
Darryn Peterson,1,129,NBA,2026-09-21
Dasha Taran,1,113,Influencer,2026-09-21
Davante Adams,1,159,NFL,2026-09-21
Daveigh Chase,1,92,Actor,2026-09-21
David Beckham,1,93,Actor,2026-09-21
David Bowie,1,456,Actor,2026-09-21
David Cameron,1,474,Politician,2026-09-21
David Corenswet,1,65,Politician,2026-09-21
David Crockett,1,437,Politician,2026-09-21
David Johnson,1,164,NFL,2026-09-21
David Jones García,1,332,NBA,2026-09-21
David Laid,1,77,Influencer,2026-09-21
David Montgomery,1,194,NFL,2026-09-21
David Njoku,1,38,NFL,2026-09-21
David Robinson,1,234,NBA,2026-09-21
David Rubenstein,1,176,Billionaire,2026-09-21
David Tepper,1,212,Billionaire,2026-09-21
Davion Mitchell,2,227,NFL,2026-09-21
De'Aaron Fox,1,132,NBA,2026-09-21
DeAndre Hopkins,1,140,NFL,2026-09-21
DeAndre Jordan,1,420,NBA,2026-09-21
DeMar DeRozan,1,46,NBA,2026-09-21
DeMarco Murray,1,141,NFL,2026-09-21
DeMarcus Cousins,1,311,NBA,2026-09-21
DeVonta Smith,1,184,NFL,2026-09-21
Dean Cain,1,104,NFL,2026-09-21
Dean Wade,1,223,NBA,2026-09-21
Deandre Ayton,1,156,NBA,2026-09-21
Deebo Samuel Sr.,1,45,NFL,2026-09-21
Deion Sanders,1,84,NFL,2026-09-21
Dejounte Murray,1,451,NBA,2026-09-21
Delcy Rodríguez,1,199,Politician,2026-09-21
Dell Curry,1,47,NBA,2026-09-21
Delonte West,1,271,NBA,2026-09-21
Demi Bagby,1,267,Influencer,2026-09-21
Demi Moore,1,252,Actor,2026-09-21
Deni Avdija,1,126,NBA,2026-09-21
Dennis Rodman,1,41,NBA,2026-09-21
Dennis Schröder,1,206,NBA,2026-09-21
Denzel Boston,1,397,NFL,2026-09-21
Denzel Washington,1,288,Actor,2026-09-21
Deolane Bezerra,1,46,Influencer,2026-09-21
Derek Carr,1,101,NFL,2026-09-21
Derek Fisher,1,476,NBA,2026-09-21
Derik Queen,1,51,NBA,2026-09-21
Derrick Henry,1,98,NFL,2026-09-21
Derrick Rose,1,125,NBA,2026-09-21
Derrick White,1,299,NBA,2026-09-21
Derryn Hinch,1,322,Politician,2026-09-21
Deshaun Watson,1,49,NFL,2026-09-21
Desi Johnson,1,27,Influencer,2026-09-21
Desiré Inglander,1,244,Influencer,2026-09-21
Desmond Bane,1,484,NBA,2026-09-21
Devendra Fadnavis,1,253,Politician,2026-09-21
Devin Booker,1,72,NBA,2026-09-21
Devin Vassell,1,114,NBA,2026-09-21
Devlet Bahçeli,1,409,Politician,2026-09-21
Devon Billionaire,1,25,Billionaire,2026-09-21
Devon Lee Carlson,1,236,Influencer,2026-09-21
Devon Witherspoon,1,368,NFL,2026-09-21
Dexter Lawrence II,1,308,NFL,2026-09-21
De’Von Achane,1,320,NFL,2026-09-21
Dhanush,1,3,Actor,2026-09-21
Dharmendra,1,149,Politician,2026-09-21
Dharmendra Pradhan,1,28,Politician,2026-09-21
Dhruv Rathee,1,121,Influencer,2026-09-21
DiJonai Carrington,1,44,NFL,2026-09-21
Diana Taurasi,1,262,NBA,2026-09-21
"Diana, Princess of Wales",1,290,Actor,2026-09-21
Diane Kruger,1,361,Actor,2026-09-21
Dianna Russini,1,59,NFL,2026-09-21
Dick Butkus,1,483,NFL,2026-09-21
Dick Cheney,1,250,Politician,2026-09-21
Dick Van Dyke,1,236,Actor,2026-09-21
Diddy,1,230,Actor,2026-09-21
Didier Deschamps,1,201,Actor,2026-09-21
Diego Maradona,1,95,Actor,2026-09-21
Diego Pavia,1,10,NFL,2026-09-21
Dieter Schwarz,1,146,Billionaire,2026-09-21
Dikembe Mutombo,1,300,NBA,2026-09-21
Dilip Kumar,1,7,Actor,2026-09-21
Dillon Brooks,1,229,NBA,2026-09-21
Dillon Gabriel,1,145,NFL,2026-09-21
Dillon Jones,1,456,NBA,2026-09-21
Dinesh Crypto,1,59,Crypto,2026-09-21
Dirk Crypto Diggy,5,72,Crypto,2026-09-21
Dirk Nowitzki,1,181,NBA,2026-09-21
Divyenndu,1,154,Influencer,2026-09-21
Dixie D'Amelio,1,390,Influencer,2026-09-21
Dmitry Medvedev,1,223,Politician,2026-09-21
Doc Rivers,1,417,NBA,2026-09-21
Doctor Mike,1,132,Influencer,2026-09-21
Dolly Parton,1,38,Actor,2026-09-21
Domantas Sabonis,1,288,NBA,2026-09-21
Don Nelson,1,327,NBA,2026-09-21
Donald Faison,1,310,NBA,2026-09-21
Donald Trump,2,5,Politician,2026-09-21
Donald Tusk,1,245,Politician,2026-09-21
Donnie Crypto,1,75,Crypto,2026-09-21
Donovan Mitchell,1,78,NBA,2026-09-21
Donte DiVincenzo,1,204,NBA,2026-09-21
Doug Ford,1,191,Politician,2026-09-21
Dove Cameron,1,371,Actor,2026-09-21
Drake,1,96,Actor,2026-09-21
Drake London,1,276,NFL,2026-09-21
Drake Maye,1,19,NFL,2026-09-21
Draymond Green,1,88,NBA,2026-09-21
Drew Afualo,1,227,Influencer,2026-09-21
Drew Allar,1,81,NFL,2026-09-21
Drew Barrymore,1,296,Actor,2026-09-21
Drew Brees,1,122,NFL,2026-09-21
Drew Lock,1,404,NFL,2026-09-21
Droupadi Murmu,1,396,Politician,2026-09-21
Druski,1,43,Influencer,2026-09-21
Dua Lipa,1,85,Actor,2026-09-21
Duke Dennis,1,177,NBA,2026-09-21
Duncan Robinson,1,422,NBA,2026-09-21
Dustin Moskovitz,1,168,Billionaire,2026-09-21
Dusty May,1,110,NBA,2026-09-21
Dwayne Johnson,2,3,NFL,2026-09-21
Dwight Howard,1,40,NBA,2026-09-21
Dwyane Wade,1,32,NBA,2026-09-21
Dylan Efron,1,228,Influencer,2026-09-21
Dylan Harper,1,25,NBA,2026-09-21
Dylan Raiola,1,358,NFL,2026-09-21
EPA COLOMBIA,1,194,Influencer,2026-09-21
Ebrahim Raisi,1,311,Politician,2026-09-21
Ed Markey,1,299,Politician,2026-09-21
Ed Oliver,1,171,NFL,2026-09-21
Ed Sheeran,1,463,Actor,2026-09-21
Ed Westwick,1,64,Billionaire,2026-09-21
Eddie Murphy,1,259,Actor,2026-09-21
Edi Rama,1,391,Politician,2026-09-21
Edir Macedo,1,133,Billionaire,2026-09-21
Edna Crypto,1,79,Crypto,2026-09-21
Edouard Philippe,1,324,Politician,2026-09-21
Eduardo Bolsonaro,1,273,Politician,2026-09-21
Edward Crypto,1,39,Crypto,2026-09-21
Edward Miliband,1,407,Politician,2026-09-21
Edward Norton,1,390,Actor,2026-09-21
Edwin Crypto,1,29,Crypto,2026-09-21
Egor Dёmin,1,459,NBA,2026-09-21
Eimi Fukada,1,454,Actor,2026-09-21
Eiza González,1,384,Actor,2026-09-21
Ekrem İmamoğlu,1,284,Politician,2026-09-21
Eladio Carrión,1,214,Influencer,2026-09-21
Elagabalus,1,334,Influencer,2026-09-21
Eli Heidenreich,1,395,NFL,2026-09-21
Eli Manning,1,196,NFL,2026-09-21
Eli Stowers,1,486,NFL,2026-09-21
Elia Kazan,1,15,Actor,2026-09-21
Elika Abdolrazzaghi,1,301,Influencer,2026-09-21
Elin Nordegren,1,295,NFL,2026-09-21
Elisha Cuthbert,1,413,Actor,2026-09-21
Elissa Slotkin,1,441,Politician,2026-09-21
Elizabeth Crypto,1,112,Crypto,2026-09-21
Elizabeth Holmes,1,68,Billionaire,2026-09-21
Elizabeth II,1,354,Actor,2026-09-21
Elizabeth Loaiza Junca,1,290,Influencer,2026-09-21
Elizabeth Olsen,1,183,Actor,2026-09-21
Elizabeth Warren,1,371,Politician,2026-09-21
Ella Bright,1,109,Actor,2026-09-21
Elle Fanning,1,167,Actor,2026-09-21
Ellen DeGeneres,1,387,Actor,2026-09-21
Ellie Nova,1,203,Actor,2026-09-21
Elliot Page,1,71,Actor,2026-09-21
Elon Musk,1,50,Actor,2026-09-21
Elsa Billgren,1,270,Influencer,2026-09-21
Elvis Presley,1,195,Actor,2026-09-21
Elxokas,1,248,Influencer,2026-09-21
Emanuel Crypto,1,71,Crypto,2026-09-21
Emanuel Sharp,1,265,NBA,2026-09-21
Emeka Egbuka,1,238,NFL,2026-09-21
Emilia Clarke,1,207,Actor,2026-09-21
Emilio Crypto,1,147,Crypto,2026-09-21
Emily Austin,1,370,Influencer,2026-09-21
Emily Blunt,1,130,Actor,2026-09-21
Emily Compagno,1,158,NFL,2026-09-21
Emily Ratajkowski,1,329,Actor,2026-09-21
Emily Willis,1,197,Actor,2026-09-21
Eminem,1,218,Actor,2026-09-21
Emma Chamberlain,1,98,Influencer,2026-09-21
Emma Louise Jones,1,265,Influencer,2026-09-21
Emma Stone,1,154,Actor,2026-09-21
Emma Watson,1,127,Actor,2026-09-21
Emmanuel Acho,1,445,NFL,2026-09-21
Emmanuel Billionaire,1,12,Billionaire,2026-09-21
Emmanuel Macron,2,33,Politician,2026-09-21
Emmett Johnson,1,417,NFL,2026-09-21
Emmitt Smith,1,229,NFL,2026-09-21
Emmy Rossum,1,232,Actor,2026-09-21
Enaldinho,1,57,Influencer,2026-09-21
Enes Freedom,1,23,NBA,2026-09-21
Enrique K. Razon,1,155,Billionaire,2026-09-21
Eric Bieniemy,1,94,NFL,2026-09-21
Eric Dane,1,208,Actor,2026-09-21
Eric Lefkofsky,1,78,Billionaire,2026-09-21
Eric Swalwell,1,152,Politician,2026-09-21
Erik Jensen,1,17,Actor,2026-09-21
Erika Hilton,1,339,Politician,2026-09-21
Erin Andrews,1,293,NFL,2026-09-21
Erwin Crypto,1,101,Crypto,2026-09-21
Escobar Crypto,1,96,Crypto,2026-09-21
Escobar Crypto Vault,1,68,Crypto,2026-09-21
Ester Expósito,1,119,Actor,2026-09-21
Eugene Crypto,1,35,Crypto,2026-09-21
Eva Elfie,1,118,Actor,2026-09-21
Eva Green,1,391,Actor,2026-09-21
Eva Longoria,2,28,NBA,2026-09-21
Eva Lys,1,70,Influencer,2026-09-21
Eva Mendes,1,315,Actor,2026-09-21
Eva Menta,1,177,Influencer,2026-09-21
Eva Perón,1,254,Politician,2026-09-21
Evan Fournier,1,396,NBA,2026-09-21
Evan Mobley,1,395,NBA,2026-09-21
Evan Spiegel,1,77,Billionaire,2026-09-21
Evans Kate Billionaire,2,28,Billionaire,2026-09-21
Eve Sweet,1,445,Actor,2026-09-21
Evo Morales,1,478,Politician,2026-09-21
Ewan McGregor,1,320,Actor,2026-09-21
Ezekiel Elliott,1,311,NFL,2026-09-21
Fabiola Campomanes,1,274,Influencer,2026-09-21
Fabrizio Romano,1,7,Influencer,2026-09-21
Fagata,1,252,Influencer,2026-09-21
Farrhana Bhatt,1,164,Influencer,2026-09-21
Fatima Sana Shaikh,1,155,Influencer,2026-09-21
Fedez,1,93,Influencer,2026-09-21
Fedor Emelianenko,1,279,Politician,2026-09-21
Felca,1,304,Influencer,2026-09-21
Felix Tshisekedi,1,481,Politician,2026-09-21
Fernanda Campos,1,234,Influencer,2026-09-21
Fernando Mendoza,1,57,NFL,2026-09-21
Fidel Castro,1,90,Politician,2026-09-21
Flavia Laos,1,249,Influencer,2026-09-21
Flavio Briatore,1,85,Billionaire,2026-09-21
Florence Pugh,1,100,Actor,2026-09-21
Florentino Pérez,1,111,Politician,2026-09-21
Floyd Mayweather Jr.,1,295,Actor,2026-09-21
Flula Borg,1,209,Influencer,2026-09-21
Flávio Bolsonaro,1,37,Politician,2026-09-21
Francis Bacon,1,471,Politician,2026-09-21
Francis Billionaire,1,43,Billionaire,2026-09-21
Frank Caprio,1,423,Politician,2026-09-21
Frank Stronach,1,163,Billionaire,2026-09-21
Frank-Walter Steinmeier,1,252,Politician,2026-09-21
Frankie Bridge,1,393,Influencer,2026-09-21
Frankie Ruiz,1,243,Influencer,2026-09-21
Franz Wagner,1,469,NBA,2026-09-21
François Hollande,1,410,Politician,2026-09-21
François Pinault,1,130,Billionaire,2026-09-21
François-Henri Pinault,1,173,Billionaire,2026-09-21
Françoise Bettencourt Meyers,1,164,Billionaire,2026-09-21
Fred VanVleet,1,408,NBA,2026-09-21
Fred Warner,1,245,NFL,2026-09-21
Freddie Mercury,1,310,Actor,2026-09-21
Friedrich Merz,1,41,Politician,2026-09-21
Frédéric Arnault,1,101,Billionaire,2026-09-21
GK Barry,1,253,Influencer,2026-09-21
Gabbie Carter,1,441,Actor,2026-09-21
Gabbie Hanna,1,259,Influencer,2026-09-21
Gable Steveson,1,54,NFL,2026-09-21
Gabriel Attal,1,286,Politician,2026-09-21
Gadi Eisenkot,1,329,Politician,2026-09-21
Gal Gadot,1,309,Actor,2026-09-21
Gala Caldirola,1,336,Influencer,2026-09-21
Gamal Abdel Nasser,1,463,Politician,2026-09-21
Ganesh Crypto,1,57,Crypto,2026-09-21
Gardner Minshew II,1,401,NFL,2026-09-21
Garrett Nussmeier,1,410,NFL,2026-09-21
Garrett Wilson,1,342,NFL,2026-09-21
Gary Payton,1,381,NBA,2026-09-21
Gary Trent Jr.,1,379,NBA,2026-09-21
Gary Vaynerchuk,1,150,Influencer,2026-09-21
Gatita Veve,1,50,Influencer,2026-09-21
Gautam Adani,1,79,Billionaire,2026-09-21
Gautam Gambhir,1,285,Politician,2026-09-21
Gavin Newsom,2,53,Billionaire,2026-09-21
Geena Davis,1,447,Actor,2026-09-21
Geeta Billionaire,1,42,Billionaire,2026-09-21
Gemma Styles,1,315,Influencer,2026-09-21
Geno Smith,1,87,NFL,2026-09-21
George Clooney,1,349,Actor,2026-09-21
George H. W. Bush,1,269,Politician,2026-09-21
George Kittle,1,124,NFL,2026-09-21
George Pickens,1,113,NFL,2026-09-21
George Santos,1,258,Politician,2026-09-21
George W. Bush,1,69,Politician,2026-09-21
George Wallace,1,2,Politician,2026-09-21
George Weah,1,195,Politician,2026-09-21
Georgia Harrison,1,367,Influencer,2026-09-21
Georgina Rodríguez,1,9,Influencer,2026-09-21
Gerard Butler,1,465,Actor,2026-09-21
Germie Bernard,1,459,NFL,2026-09-21
Gia Giudice,1,175,Influencer,2026-09-21
Gianluigi Aponte,1,213,Billionaire,2026-09-21
Giannis Antetokounmpo,1,9,NBA,2026-09-21
Giga Chad Crypto,1,24,Crypto,2026-09-21
Gigi Hadid,1,427,Actor,2026-09-21
Gilbert Arenas,1,347,NBA,2026-09-21
"Gilbert du Motier, Marquis de Lafayette",1,357,Politician,2026-09-21
Gina Carano,1,37,NFL,2026-09-21
Gina Crypto,1,114,Crypto,2026-09-21
Gina Rinehart,1,76,Billionaire,2026-09-21
Ginuwine,1,433,NBA,2026-09-21
Giorgia Meloni,1,30,Politician,2026-09-21
Giovanni Ferrero,1,197,Billionaire,2026-09-21
Gisele Bündchen,1,23,NFL,2026-09-21
Glen Hansard,1,276,Actor,2026-09-21
Glen Powell,1,317,Actor,2026-09-21
Govinda,1,159,Politician,2026-09-21
Gradey Dick,2,398,NFL,2026-09-21
Graham Platner,1,24,Politician,2026-09-21
Grant Cardone,2,95,Billionaire,2026-09-21
Grant Hill,2,406,NFL,2026-09-21
Grayson Allen,1,383,NBA,2026-09-21
Greg Abbott,1,428,Politician,2026-09-21
Greg Olsen,1,296,NFL,2026-09-21
Gregg Popovich,1,199,NBA,2026-09-21
Gretchen Whitmer,1,451,Politician,2026-09-21
Grey Wiese,1,285,Influencer,2026-09-21
Guerschon Yabusele,1,463,NBA,2026-09-21
Guillaume Apollinaire,1,392,Influencer,2026-09-21
Guo Wengui,1,66,Billionaire,2026-09-21
Gustavo Petro,1,75,Politician,2026-09-21
Gwyneth Paltrow,1,398,Actor,2026-09-21
Hailee Steinfeld,1,227,Actor,2026-09-21
Hailey Bieber,1,328,Actor,2026-09-21
Hakan Fidan,1,344,Politician,2026-09-21
Hakan Sabancı,1,318,Influencer,2026-09-21
Hakeem Jeffries,1,287,Politician,2026-09-21
Hakeem Olajuwon,1,217,NBA,2026-09-21
Haley Cavinder,1,382,Influencer,2026-09-21
Haley Kalil,1,208,Influencer,2026-09-21
Halle Berry,1,372,Actor,2026-09-21
Hallie Crypto,1,52,Crypto,2026-09-21
Hamdan bin Mohammed Al Maktoum,1,450,Politician,2026-09-21
Hamdi Ulukaya,1,158,Billionaire,2026-09-21
Hamza Crypto,1,106,Crypto,2026-09-21
Han Dong-hoon,1,246,Politician,2026-09-21
Hannes Steinbach,1,483,NBA,2026-09-21
Harish Crypto,1,76,Crypto,2026-09-21
Harit Buayoi,1,329,Influencer,2026-09-21
Harlan Coben,1,426,Actor,2026-09-21
Harrison Barnes,1,254,NBA,2026-09-21
Harrison Butker,2,396,NFL,2026-09-21
Harrison Ford,1,351,Actor,2026-09-21
Harrison Smith,1,385,NFL,2026-09-21
Harry Lewis,1,302,Influencer,2026-09-21
Harry Sisson,1,351,Influencer,2026-09-21
Harry Styles,1,133,Actor,2026-09-21
Hasan Abdullah Ismaik,1,207,Billionaire,2026-09-21
Hasan Piker,1,21,Influencer,2026-09-21
Hasbulla,1,54,Influencer,2026-09-21
Hayden Panettiere,1,40,Actor,2026-09-21
Haynes King,1,93,NFL,2026-09-21
Haywood Highsmith,1,224,NBA,2026-09-21
Hazal Filiz Küçükköse,1,229,Influencer,2026-09-21
Heath Ledger,1,286,Actor,2026-09-21
Heinrich Himmler,1,171,Politician,2026-09-21
Helen Crypto,1,153,Crypto,2026-09-21
Helena Blavatsky,1,258,Influencer,2026-09-21
Helena Bonham Carter,1,477,Actor,2026-09-21
Hema Malini,1,161,Politician,2026-09-21
Henri Veesaar,1,440,NBA,2026-09-21
Henry Cavill,1,150,Actor,2026-09-21
Henry Kissinger,1,183,Politician,2026-09-21
Henry Ruggs III,1,188,NFL,2026-09-21
Hermann Göring,1,86,Politician,2026-09-21
Hikakin,1,23,Influencer,2026-09-21
Hikaru Nagi,1,112,Actor,2026-09-21
Hilary Duff,1,181,Actor,2026-09-21
Hillary Clinton,1,73,Politician,2026-09-21
Himanshi Khurana,1,232,Influencer,2026-09-21
Hines Ward,1,400,NFL,2026-09-21
Holly Robinson Peete,1,315,NFL,2026-09-21
Holly Willoughby,1,108,Influencer,2026-09-21
Howard Graham Buffett,1,169,Billionaire,2026-09-21
Hu Chunhua,1,282,Politician,2026-09-21
Hu Jintao,1,123,Politician,2026-09-21
Huddy,1,156,Influencer,2026-09-21
Hugh Jackman,1,249,Actor,2026-09-21
Hugo Chávez,1,351,Politician,2026-09-21
Hugo González,1,474,NBA,2026-09-21
Hui Ka Yan,1,83,Billionaire,2026-09-21
Hung Cao,1,403,Politician,2026-09-21
Hunter Renfrow,1,446,NFL,2026-09-21
Hunter Schafer,1,377,Actor,2026-09-21
IShowSpeed,2,12,Influencer,2026-09-21
IU,1,348,Actor,2026-09-21
Ibai Llanos,1,102,Influencer,2026-09-21
Ibrahim Traoré,1,182,Politician,2026-09-21
Idris Elba,1,450,Actor,2026-09-21
Iggy Azalea,1,401,Actor,2026-09-21
Igor Kolomoisky,1,180,Billionaire,2026-09-21
Ilham Aliyev,1,415,Politician,2026-09-21
Ilhan Omar,1,127,Politician,2026-09-21
Ilona Staller,1,310,Politician,2026-09-21
Iman Shumpert,1,157,NBA,2026-09-21
Imran Khan,1,80,Politician,2026-09-21
Inde Navarrette,1,57,Actor,2026-09-21
India Love,1,84,Influencer,2026-09-21
Influencer,1,5,Influencer,2026-09-21
Inês Aguiar,1,399,Influencer,2026-09-21
Ion Țiriac,1,175,Billionaire,2026-09-21
Isabel Díaz Ayuso,1,372,Politician,2026-09-21
Isabel Preysler,1,215,Influencer,2026-09-21
Isabel Veloso,1,188,Influencer,2026-09-21
Isabelle Crypto,1,158,Crypto,2026-09-21
Isabelle Harrison,1,272,NFL,2026-09-21
Isaiah Evans,1,264,NBA,2026-09-21
Isaiah Hartenstein,1,308,NBA,2026-09-21
Isaiah Joe,1,386,NBA,2026-09-21
Isaiah Stewart,1,355,NBA,2026-09-21
Isaiah Thomas,1,266,NBA,2026-09-21
Isiah Pacheco,1,217,NFL,2026-09-21
Isiah Thomas,1,294,NBA,2026-09-21
Ismeiow,1,389,Influencer,2026-09-21
Israel Englander,1,188,Billionaire,2026-09-21
Itamar Ben-Gvir,1,174,Politician,2026-09-21
Ivanka Trump,1,469,Actor,2026-09-21
Iván Cepeda,1,126,Politician,2026-09-21
J. P. Nadda,1,131,Politician,2026-09-21
J. R. Smith,1,295,NBA,2026-09-21
J.J. McCarthy,1,53,NFL,2026-09-21
J.J. Watt,1,177,NFL,2026-09-21
J.K. Dobbins,1,378,NFL,2026-09-21
JB Pritzker,1,387,Politician,2026-09-21
JD Vance,1,26,Politician,2026-09-21
JJ Redick,1,423,NBA,2026-09-21
Ja Morant,1,26,NBA,2026-09-21
Ja'Kobi Lane,1,230,NFL,2026-09-21
Ja'Marr Chase,1,143,NFL,2026-09-21
Jaafar Jackson,1,158,Actor,2026-09-21
Jabari Walker,1,197,NBA,2026-09-21
Jack Black,1,394,Actor,2026-09-21
Jack Doherty,1,63,Influencer,2026-09-21
Jackie Chan,1,267,Actor,2026-09-21
Jackson Hinkle,1,173,Influencer,2026-09-21
Jackson Merrill,1,322,NFL,2026-09-21
Jacob Elordi,1,103,Actor,2026-09-21
Jacoby Brissett,1,262,NFL,2026-09-21
Jacques Chirac,1,247,Politician,2026-09-21
Jadarian Price,1,223,NFL,2026-09-21
Jade Anna van Vliet,1,335,Influencer,2026-09-21
Jade Picon,1,137,Influencer,2026-09-21
Jaden Hardy,1,180,NBA,2026-09-21
Jaden Ivey,2,389,NFL,2026-09-21
Jaden McDaniels,1,324,NBA,2026-09-21
Jadeveon Clowney,1,266,NFL,2026-09-21
Jahmyr Gibbs,1,96,NFL,2026-09-21
Jaime Jaquez Jr.,1,409,NBA,2026-09-21
Jair Bolsonaro,1,61,Politician,2026-09-21
Jake Gyllenhaal,1,212,Actor,2026-09-21
Jake Paul,1,24,Influencer,2026-09-21
Jake Shane,1,131,Influencer,2026-09-21
Jakob Poeltl,1,402,NBA,2026-09-21
Jakub Crypto Midrla,1,99,Crypto,2026-09-21
Jalen Brunson,1,5,NBA,2026-09-21
Jalen Carter,2,231,NFL,2026-09-21
Jalen Duren,1,53,NBA,2026-09-21
Jalen Green,1,273,NBA,2026-09-21
Jalen Hurts,1,68,NFL,2026-09-21
Jalen Johnson,1,165,NBA,2026-09-21
Jalen Milroe,1,267,NFL,2026-09-21
Jalen Ramsey,1,283,NFL,2026-09-21
Jalen Williams,1,208,NBA,2026-09-21
Jalin Hyatt,1,471,NFL,2026-09-21
Jalon Daniels,1,257,NFL,2026-09-21
Jalon Walker,1,461,NFL,2026-09-21
Jamal Adams,1,129,NFL,2026-09-21
Jamal Crawford,1,473,NBA,2026-09-21
Jamal Murray,1,136,NBA,2026-09-21
Jameis Winston,1,147,NFL,2026-09-21
James Charles,1,52,Influencer,2026-09-21
James Conner,1,472,NFL,2026-09-21
James Crypto,1,48,Crypto,2026-09-21
James Crypto Guru,2,9,Crypto,2026-09-21
James Faulkner,1,12,Actor,2026-09-21
James Fishback,1,128,Politician,2026-09-21
James Franco,1,312,Actor,2026-09-21
James Harden,1,30,NBA,2026-09-21
James Harrison,1,346,NFL,2026-09-21
James L. Dolan,1,106,NBA,2026-09-21
James Marsden,1,370,Actor,2026-09-21
James Maslow,1,158,Influencer,2026-09-21
James Packer,1,150,Billionaire,2026-09-21
James Pearce Jr.,1,318,NFL,2026-09-21
James Talarico,1,46,Politician,2026-09-21
James Wiseman,1,405,NBA,2026-09-21
Jameson Williams,1,333,NFL,2026-09-21
Jamie Raskin,1,222,Politician,2026-09-21
Jana Azizi,1,362,Influencer,2026-09-21
Jane McDonald,1,381,Influencer,2026-09-21
Janet Jackson,1,302,Actor,2026-09-21
Jannik Sinner,1,45,Actor,2026-09-21
Jared Goff,1,207,NFL,2026-09-21
Jared Isaacman,1,160,Billionaire,2026-09-21
Jared Kushner,1,62,Politician,2026-09-21
Jared Leto,1,205,Actor,2026-09-21
Jared McCain,1,235,NBA,2026-09-21
Jared Polis,1,261,Politician,2026-09-21
Jared Verse,1,123,NFL,2026-09-21
Jaren Jackson Jr.,1,360,NBA,2026-09-21
Jase Richardson,1,218,NBA,2026-09-21
Jasmine Crockett,1,114,Politician,2026-09-21
Jason Collins,1,325,NBA,2026-09-21
Jason Kelce,1,82,NFL,2026-09-21
Jason Kidd,1,249,NBA,2026-09-21
Jason Momoa,1,250,Actor,2026-09-21
Jason Segel,1,76,NBA,2026-09-21
Jason Smith,1,3,NBA,2026-09-21
Jason Statham,1,129,Actor,2026-09-21
Jason Sudeikis,1,467,Actor,2026-09-21
Jason Williams,1,108,NBA,2026-09-21
Jaswanth Billionaire,1,10,Billionaire,2026-09-21
Jauan Jennings,1,384,NFL,2026-09-21
Javier Bardem,1,125,Actor,2026-09-21
Javier Milei,1,58,Politician,2026-09-21
Javonte Williams,1,32,NFL,2026-09-21
Jaxon Smith-Njigba,1,161,NFL,2026-09-21
Jaxson Dart,1,70,NFL,2026-09-21
Jaxson Hayes,2,89,NFL,2026-09-21
Jay Alvarrez,1,338,Influencer,2026-09-21
Jay Chou,1,411,Actor,2026-09-21
Jay Crypto,2,78,Crypto,2026-09-21
Jay Cutler,1,309,NFL,2026-09-21
Jay Mohr,1,251,NFL,2026-09-21
Jay-Z,1,33,NBA,2026-09-21
Jaya Bachchan,1,413,Politician,2026-09-21
Jayden Daniels,1,46,NFL,2026-09-21
Jayden Higgins,1,335,NFL,2026-09-21
Jayden Quaintance,1,293,NBA,2026-09-21
Jaydon Blue,1,327,NFL,2026-09-21
Jaylen Brown,1,11,NBA,2026-09-21
Jaylen Reed,1,291,NFL,2026-09-21
Jaylen Waddle,1,172,NFL,2026-09-21
Jaylin Williams,1,399,NBA,2026-09-21
Jayson Tatum,1,42,NBA,2026-09-21
Jean Crypto,1,94,Crypto,2026-09-21
Jean-Baptiste Doumeng,1,2,Billionaire,2026-09-21
Jean-Luc Mélenchon,1,205,Politician,2026-09-21
Jeanette Crypto-miner,1,172,Crypto,2026-09-21
Jeanie Buss,1,158,NBA,2026-09-21
Jeanine Pirro,1,146,Politician,2026-09-21
Jed York,1,26,NFL,2026-09-21
Jeff Bezos,1,327,Actor,2026-09-21
Jeff Teague,1,258,NBA,2026-09-21
Jeff Yass,1,199,Billionaire,2026-09-21
Jeffrey Dean Morgan,1,464,Actor,2026-09-21
Jeffrey Donaldson,1,244,Politician,2026-09-21
Jelai Andres,1,353,Influencer,2026-09-21
Jen Selter,1,201,Influencer,2026-09-21
Jenna Ortega,1,134,Actor,2026-09-21
Jennifer Aniston,1,155,Actor,2026-09-21
Jennifer Connelly,1,287,Actor,2026-09-21
Jennifer Garner,1,225,Actor,2026-09-21
Jennifer Lawrence,1,120,Actor,2026-09-21
Jennifer Lopez,1,78,Actor,2026-09-21
Jens Spahn,1,84,Politician,2026-09-21
Jensen Ackles,1,332,Actor,2026-09-21
Jerami Grant,1,444,NBA,2026-09-21
Jeremiyah Love,1,100,NFL,2026-09-21
Jeremy Clarkson,1,256,Actor,2026-09-21
Jeremy Fragrance,1,222,Influencer,2026-09-21
Jeremy Lin,1,77,NBA,2026-09-21
Jeremy Shockey,1,428,NFL,2026-09-21
Jeremy Sochan,1,82,NBA,2026-09-21
Jermaine Jackson,1,365,Actor,2026-09-21
Jerry Jeudy,1,466,NFL,2026-09-21
Jerry Jones,2,81,Billionaire,2026-09-21
Jerry Rice,1,246,NFL,2026-09-21
Jerry Springer,1,268,Politician,2026-09-21
Jerry West,1,260,NBA,2026-09-21
Jesse Jackson,1,50,Politician,2026-09-21
Jesse Ventura,1,375,Politician,2026-09-21
Jessica Alba,1,163,Actor,2026-09-21
Jessica Chastain,1,415,Actor,2026-09-21
Jessica Goicoechea,1,364,Influencer,2026-09-21
Jessica Jung,1,165,Influencer,2026-09-21
Jessica Lange,1,153,Politician,2026-09-21
Jessie James Decker,1,326,NFL,2026-09-21
Jessie Murph,1,80,NFL,2026-09-21
Jesus Billionaire,1,26,Billionaire,2026-09-21
JiDion,1,101,Influencer,2026-09-21
Jiang Zemin,1,204,Politician,2026-09-21
Jim Brown,1,305,NFL,2026-09-21
Jim Carrey,1,258,Actor,2026-09-21
Jim Harbaugh,1,310,NFL,2026-09-21
Jim Morrison,1,0,Politician,2026-09-21
Jim Ratcliffe,1,149,Billionaire,2026-09-21
Jim Thorpe,1,232,NFL,2026-09-21
Jimmy Butler,1,58,NBA,2026-09-21
Jimmy Carter,1,107,Politician,2026-09-21
Jimmy Chin,1,398,Influencer,2026-09-21
Jimmy Garoppolo,1,191,NFL,2026-09-21
Jimmy Tatro,1,374,Actor,2026-09-21
Jitendra Singh,1,3,Politician,2026-09-21
Joan Laporta,1,389,Politician,2026-09-21
Joanna Lumley,1,231,NBA,2026-09-21
Jocelyn Benson,1,438,Politician,2026-09-21
Jocelyn Wildenstein,1,112,Billionaire,2026-09-21
Joe Biden,2,11,Politician,2026-09-21
Joe Billionaire,2,15,Billionaire,2026-09-21
Joe Burrow,1,47,NFL,2026-09-21
Joe Crypto,1,5,Crypto,2026-09-21
Joe Flacco,1,63,NFL,2026-09-21
Joe Johnson,1,407,NBA,2026-09-21
Joe Manchin,1,266,Politician,2026-09-21
Joe Milton III,2,71,NFL,2026-09-21
Joe Mixon,1,186,NFL,2026-09-21
Joe Montana,2,243,NFL,2026-09-21
Joe Namath,1,304,NFL,2026-09-21
Joel Billionaire,1,39,Billionaire,2026-09-21
Joel Embiid,1,84,NBA,2026-09-21
Joey Bosa,1,195,NFL,2026-09-21
Joey Porter Jr.,1,361,NFL,2026-09-21
John Adams,1,196,Politician,2026-09-21
John Albert Elway Jr.,1,380,NFL,2026-09-21
John Billionaire,2,14,Billionaire,2026-09-21
John C. Maxwell,1,462,NFL,2026-09-21
John Cena,1,240,Actor,2026-09-21
John Collins,1,270,NBA,2026-09-21
John Crypto,2,131,Crypto,2026-09-21
John David Washington,1,74,NFL,2026-09-21
John F. Kennedy,1,457,Actor,2026-09-21
John F. Kennedy Jr.,1,344,Actor,2026-09-21
John Fetterman,1,132,Politician,2026-09-21
John Fox,1,206,NFL,2026-09-21
John Grisham,1,304,Politician,2026-09-21
John Harbaugh,1,285,NFL,2026-09-21
John Healey,1,330,Politician,2026-09-21
John Kerry,1,480,Politician,2026-09-21
John Leguizamo,1,475,Actor,2026-09-21
John Madden,1,345,NFL,2026-09-21
John Matuszak,1,348,NFL,2026-09-21
John McCain,1,319,Politician,2026-09-21
John Overdeck,1,165,Billionaire,2026-09-21
John Page,1,7,Politician,2026-09-21
John Quincy Adams,1,412,Politician,2026-09-21
John Ratcliffe,1,431,Politician,2026-09-21
John Smith,1,91,Politician,2026-09-21
John Starks,1,479,NBA,2026-09-21
John Stockton,1,345,NBA,2026-09-21
John Tesh,1,201,NBA,2026-09-21
John Thune,1,289,Politician,2026-09-21
John Travolta,1,362,Actor,2026-09-21
John Wall,1,365,NBA,2026-09-21
Johnny Crypto,1,154,Crypto,2026-09-21
Johnny Depp,1,174,Actor,2026-09-21
Johnny Manziel,1,212,NFL,2026-09-21
Johnny Sins,1,94,Actor,2026-09-21
Johnny Strong,1,311,Influencer,2026-09-21
Johnson Billionaire,1,23,Billionaire,2026-09-21
Joko Widodo,1,226,Politician,2026-09-21
Jon Bernthal,1,101,Actor,2026-09-21
Jon Gruden,1,299,NFL,2026-09-21
Jon Hamm,1,417,Actor,2026-09-21
Jon Jones,1,12,NFL,2026-09-21
Jon Ossoff,1,45,Politician,2026-09-21
Jonah Coleman,1,330,NFL,2026-09-21
Jonas Valančiūnas,1,335,NBA,2026-09-21
Jonathan Kuminga,1,50,NBA,2026-09-21
Jonathan Owens,1,370,NFL,2026-09-21
Jonathan Taylor,1,253,NFL,2026-09-21
Jonathon Brooks,1,274,NFL,2026-09-21
Jonathon Cooper,1,277,NFL,2026-09-21
Jordan Bardella,1,117,Politician,2026-09-21
Jordan Clarkson,1,67,NBA,2026-09-21
Jordan Love,1,72,NFL,2026-09-21
Jordan Matter,1,51,Influencer,2026-09-21
Jordan Poole,1,202,NBA,2026-09-21
Jordi El Niño Polla,1,355,Actor,2026-09-21
Jordyn Jones,1,305,Influencer,2026-09-21
Jordyn Tyson,1,205,NFL,2026-09-21
Jorge Blanco,1,275,Influencer,2026-09-21
Jorge González,1,482,NBA,2026-09-21
Jose Alvarado,1,54,NBA,2026-09-21
Joseph C. Tsai,2,111,Billionaire,2026-09-21
Joseph Goebbels,1,179,Politician,2026-09-21
Joseph Kabila,1,476,Politician,2026-09-21
Joseph Quinn,1,2,Actor,2026-09-21
Joseph Stalin,1,49,Politician,2026-09-21
Josh Allen,1,39,NFL,2026-09-21
Josh Duhamel,1,409,Actor,2026-09-21
Josh Giddey,1,317,NBA,2026-09-21
Josh Green,1,243,NBA,2026-09-21
Josh Hart,1,31,NBA,2026-09-21
Josh Hawley,1,198,Politician,2026-09-21
Josh Jacobs,1,22,NFL,2026-09-21
Josh Shapiro,1,365,Politician,2026-09-21
Josh Sweat,2,402,NFL,2026-09-21
Joshua Dobbs,1,317,NFL,2026-09-21
Josip Broz Tito,1,190,Politician,2026-09-21
José Antonio Kast,1,383,Politician,2026-09-21
José Luis Rodríguez Zapatero,1,185,Politician,2026-09-21
José Mujica,1,477,Politician,2026-09-21
Jrue Holiday,1,135,NBA,2026-09-21
JuJu Smith-Schuster,2,321,NFL,2026-09-21
Juan López Vélez,1,39,Actor,2026-09-21
Juancho Hernangómez,1,387,NBA,2026-09-21
Judd Nelson,1,74,Billionaire,2026-09-21
Julia Koch,1,182,Billionaire,2026-09-21
Julia Roberts,1,228,Actor,2026-09-21
Julian Champagnie,1,95,NBA,2026-09-21
Julian Edelman,1,339,NFL,2026-09-21
Julian Sayin,1,360,NFL,2026-09-21
Juliano Floss,1,269,Influencer,2026-09-21
Julio Jones,1,374,NFL,2026-09-21
Julio José González,1,18,Actor,2026-09-21
Julius Caesar,1,76,Politician,2026-09-21
Julius Erving,1,128,NBA,2026-09-21
Julius Randle,1,99,NBA,2026-09-21
June Shannon,1,189,Influencer,2026-09-21
Jung Chung-rae,1,445,Politician,2026-09-21
Juno Temple,1,412,Actor,2026-09-21
Justin Champagnie,2,426,NFL,2026-09-21
Justin Fields,1,103,NFL,2026-09-21
Justin Herbert,1,42,NFL,2026-09-21
Justin Jefferson,1,76,NFL,2026-09-21
Justin Sun,1,57,Billionaire,2026-09-21
Justin Trudeau,1,48,Politician,2026-09-21
Justin Tucker,1,442,NFL,2026-09-21
Jusuf Nurkić,1,175,NBA,2026-09-21
K. Annamalai,1,188,Politician,2026-09-21
K. Bhagyaraj,1,92,Politician,2026-09-21
KC Concepcion,1,237,NFL,2026-09-21
KSI,1,39,Influencer,2026-09-21
Kai Sotto,1,323,NBA,2026-09-21
Kai Trump,1,26,Influencer,2026-09-21
Kaia Jordan Gerber,1,459,Actor,2026-09-21
Kaja Kallas,1,301,Politician,2026-09-21
Kalanithi Maran,1,208,Billionaire,2026-09-21
Kaleb Johnson,1,193,NFL,2026-09-21
Kaley Cuoco,1,338,Actor,2026-09-21
Kamal Haasan,1,193,Politician,2026-09-21
Kamala Harris,1,71,Politician,2026-09-21
Kane,1,241,Politician,2026-09-21
Kangana Ranaut,1,98,Politician,2026-09-21
Kanye West,1,136,Actor,2026-09-21
Kara Robinson Chamberlain,1,210,Influencer,2026-09-21
Kareem Abdul-Jabbar,1,238,NBA,2026-09-21
Kareem Hunt,1,343,NFL,2026-09-21
Karim Benzema,1,331,Actor,2026-09-21
Karim López,1,160,NBA,2026-09-21
Karl Ess,1,282,Influencer,2026-09-21
Karl Malone,1,164,NBA,2026-09-21
Karl-Anthony Towns,1,19,NBA,2026-09-21
Karol G,1,303,Actor,2026-09-21
Karol Nawrocki,1,172,Politician,2026-09-21
Karoline Lima,1,271,Influencer,2026-09-21
Karthi,1,147,Influencer,2026-09-21
Kary Torres,1,120,Influencer,2026-09-21
Kate Hudson,1,363,Actor,2026-09-21
Kate Winslet,1,322,Actor,2026-09-21
Kathie Lee Gifford,1,118,NFL,2026-09-21
Kathy Hochul,1,347,Politician,2026-09-21
Katie Holmes,1,439,Actor,2026-09-21
Katy Perry,1,204,Actor,2026-09-21
Kawhi Leonard,1,15,NBA,2026-09-21
Kay Adams,1,252,NFL,2026-09-21
Kayla Maisonet,1,250,Influencer,2026-09-21
Kaylee Hottle,1,135,Actor,2026-09-21
Kayshon Boutte,2,199,NFL,2026-09-21
Kaytron Allen,1,434,NFL,2026-09-21
Kc Crypto,1,23,Crypto,2026-09-21
Keanu Reeves,1,172,Actor,2026-09-21
Keaton Wagler,1,247,NBA,2026-09-21
Keenan Allen,1,41,NFL,2026-09-21
Keiko Fujimori,1,42,Politician,2026-09-21
Keir Starmer,2,25,Politician,2026-09-21
Keira Knightley,1,313,Actor,2026-09-21
Keith Ellison,1,275,Politician,2026-09-21
Keke Palmer,1,368,Actor,2026-09-21
Kel Mitchell,1,88,Billionaire,2026-09-21
Keldon Johnson,1,213,NBA,2026-09-21
Kelly Ayotte,1,293,Politician,2026-09-21
Kelly Olynyk,1,380,NBA,2026-09-21
Kelly Oubre Jr.,1,210,NBA,2026-09-21
Kelly Reilly,1,301,Actor,2026-09-21
Kelvin Crypto,1,155,Crypto,2026-09-21
Kemal Kılıçdaroğlu,1,170,Politician,2026-09-21
Kemi Badenoch,1,307,Politician,2026-09-21
Ken Bates,1,195,Billionaire,2026-09-21
Ken Paxton,1,109,Politician,2026-09-21
Ken The Crypto,1,27,Crypto,2026-09-21
Kendall Jenner,1,223,Actor,2026-09-21
Kendra Lust,1,216,Actor,2026-09-21
Kendra Wilkinson,1,114,NFL,2026-09-21
Kendrick Lamar,1,283,Actor,2026-09-21
Kendrick Nunn,1,441,NBA,2026-09-21
Kendrick Perkins,1,372,NBA,2026-09-21
Kenia Os,1,69,Influencer,2026-09-21
Kenneth Fisher,1,104,Billionaire,2026-09-21
Kenneth Walker III,1,125,NFL,2026-09-21
Kenny Pickett,1,216,NFL,2026-09-21
Kenny Smith,1,352,NBA,2026-09-21
Kentavious Caldwell-Pope,1,370,NBA,2026-09-21
Kenyon Sadiq,1,420,NFL,2026-09-21
Keon Coleman,1,408,NFL,2026-09-21
Keshad Johnson,1,221,NBA,2026-09-21
Kevin Costner,1,366,Actor,2026-09-21
Kevin De Bruyne,1,191,Actor,2026-09-21
Kevin Durant,2,17,NBA,2026-09-21
Kevin Garnett,1,189,NBA,2026-09-21
Kevin Hart,2,27,NBA,2026-09-21
Kevin Jonas,1,61,Influencer,2026-09-21
Kevin Love,1,127,NBA,2026-09-21
Kevin Smith,1,131,NFL,2026-09-21
Kevon Looney,1,244,NBA,2026-09-21
Keyshawn Johnson,1,138,NFL,2026-09-21
Khaby Lame,1,81,Influencer,2026-09-21
Khaleel Billionaire,1,29,Billionaire,2026-09-21
Khalil Mack,1,479,NFL,2026-09-21
Khanh Crypto,1,121,Crypto,2026-09-21
Khleo Thomas,1,362,NBA,2026-09-21
Khris Middleton,1,297,NBA,2026-09-21
Khushbu Sundar,1,358,Politician,2026-09-21
Kiko Barzaga,1,294,Influencer,2026-09-21
Kim Jong Un,2,36,Politician,2026-09-21
Kim Kardashian,1,73,Actor,2026-09-21
Kim Migneault,1,206,Influencer,2026-09-21
Kim Nam-gil,1,265,Politician,2026-09-21
Kimberly Guilfoyle,1,335,Politician,2026-09-21
Kimberly Loaiza,1,71,Influencer,2026-09-21
King Bach,1,197,Influencer,2026-09-21
Kingston Flemings,1,166,NBA,2026-09-21
Kirk Cousins,1,90,NFL,2026-09-21
Kirsten Dunst,1,237,Actor,2026-09-21
Kit Connor,1,400,Actor,2026-09-21
Klaus-Michael Kühne,1,93,Billionaire,2026-09-21
Klay Thompson,1,39,NBA,2026-09-21
Ko Wen-je,1,364,Politician,2026-09-21
Koa Peat,1,283,NBA,2026-09-21
Kobe Bryant,2,20,NBA,2026-09-21
Kobe Bufkin,1,214,NBA,2026-09-21
Kon Knueppel,1,447,NBA,2026-09-21
Kontawa,1,279,Influencer,2026-09-21
Kornnaphat Sethratanapong,1,261,Influencer,2026-09-21
Kris Humphries,1,220,NBA,2026-09-21
Kristaps Porziņģis,1,212,NBA,2026-09-21
Kristen Stewart,1,292,Actor,2026-09-21
Kristi Noem,1,113,Politician,2026-09-21
Kristina Rybalchenko,1,404,Influencer,2026-09-21
Kroy Biermann,1,332,NFL,2026-09-21
Ksenia Sobchak,1,327,Politician,2026-09-21
Kumar Mangalam Birla,1,136,Billionaire,2026-09-21
Kurt Cobain,1,462,Actor,2026-09-21
Kurt Warner,1,294,NFL,2026-09-21
Kyedae,1,223,Influencer,2026-09-21
Kyle Kuzma,1,211,NBA,2026-09-21
Kyle Lowry,1,134,NBA,2026-09-21
Kyle McCord,1,268,NFL,2026-09-21
Kyle Monangai,1,363,NFL,2026-09-21
Kyle Pitts,1,312,NFL,2026-09-21
Kyle Shanahan,1,75,NFL,2026-09-21
Kyle Singler,1,140,NBA,2026-09-21
Kyler Murray,1,64,NFL,2026-09-21
Kylian Mbappé,1,41,Actor,2026-09-21
Kylie Jenner,1,113,Actor,2026-09-21
Kylie Kelce,1,128,NFL,2026-09-21
Kyren Lacy,1,477,NFL,2026-09-21
Kyren Williams,1,431,NFL,2026-09-21
Kyrie Irving,1,38,NBA,2026-09-21
Kyrsten Sinema,1,332,Politician,2026-09-21
Kéfera Buchmann,1,383,Influencer,2026-09-21
La La Anthony,1,225,NBA,2026-09-21
LaMelo Ball,1,18,NBA,2026-09-21
LaVar Ball,2,83,NFL,2026-09-21
Labaron Philon Jr.,1,228,NBA,2026-09-21
Ladd McConkey,1,407,NFL,2026-09-21
Lady Gaga,1,114,Actor,2026-09-21
Lai Ching-te,1,211,Politician,2026-09-21
Laila Ali,1,255,NFL,2026-09-21
Lakshmi Mittal,1,139,Billionaire,2026-09-21
Lamar Jackson,1,69,NFL,2026-09-21
Lamar Odom,1,131,NBA,2026-09-21
Lana Crypto,1,34,Crypto,2026-09-21
Lana Del Rey,1,280,Actor,2026-09-21
Lana Rhoades,1,59,Actor,2026-09-21
Lance Stroll,1,65,Billionaire,2026-09-21
Landry Shamet,1,92,NBA,2026-09-21
Lane Kiffin,1,173,NFL,2026-09-21
Lara Cosima Henckel von Donnersmarck,1,340,Influencer,2026-09-21
Larissa Manoela,1,110,Influencer,2026-09-21
Larry Bird,1,89,NBA,2026-09-21
Larry Crypto,1,162,Crypto,2026-09-21
Larry Fink,1,82,Billionaire,2026-09-21
Larry Fitzgerald Jr.,2,165,NFL,2026-09-21
Larry Johnson,1,457,NBA,2026-09-21
Larry Silverstein,1,127,Billionaire,2026-09-21
Larry Wheels,1,112,Influencer,2026-09-21
Lars Klingbeil,1,433,Politician,2026-09-21
Larsa Pippen,2,82,Influencer,2026-09-21
Laura Clery,1,295,Influencer,2026-09-21
Laura Loomer,1,33,Influencer,2026-09-21
Lauren Boebert,1,156,Politician,2026-09-21
Lauren Southern,1,224,Influencer,2026-09-21
Laurent Billionaire,2,3,Billionaire,2026-09-21
Lauri Markkanen,1,338,NBA,2026-09-21
Lavrentiy Beria,1,473,Politician,2026-09-21
Lawrence Taylor,1,325,NFL,2026-09-21
Layla Taylor,1,377,Influencer,2026-09-21
LeBron James,2,4,NBA,2026-09-21
Lea Elui,1,245,Influencer,2026-09-21
Leah Gotti,1,367,Actor,2026-09-21
Leah Halton,1,58,Influencer,2026-09-21
Leah Isadora Behn,1,230,Influencer,2026-09-21
Lean Beef Patty,1,162,Influencer,2026-09-21
Lee Dong-Hae,1,199,Influencer,2026-09-21
Lee Hyun-jung,1,481,NBA,2026-09-21
Lee Jae Myung,1,122,Politician,2026-09-21
Lee Kuan Yew,1,336,Politician,2026-09-21
Lee Norris,1,100,Billionaire,2026-09-21
Lei Jun,1,184,Billionaire,2026-09-21
Len Bias,1,415,NBA,2026-09-21
Lena Paul,1,257,Actor,2026-09-21
Lena Situations,1,115,Influencer,2026-09-21
Lenny Tavárez,1,328,Influencer,2026-09-21
Leon Crypto,1,45,Crypto,2026-09-21
Leon Rose,1,403,NBA,2026-09-21
Leon Trotsky,1,215,Politician,2026-09-21
Leonardo Del Vecchio,1,202,Billionaire,2026-09-21
Leonardo DiCaprio,1,75,Actor,2026-09-21
Leonardo Maria del Vecchio,1,116,Billionaire,2026-09-21
Leonardo da Vinci,1,340,Actor,2026-09-21
Leonid Brezhnev,1,239,Politician,2026-09-21
Leonid Radvinsky,1,142,Billionaire,2026-09-21
Leopold Aschenbrenner,1,56,Billionaire,2026-09-21
Les Wexner,1,107,Billionaire,2026-09-21
Levy Rozman,1,297,Influencer,2026-09-21
Lewis Hamilton,1,110,Actor,2026-09-21
Lexi Lore,1,410,Actor,2026-09-21
Lexi Luna,1,231,Actor,2026-09-21
Li Ka-shing,1,122,Billionaire,2026-09-21
Li Keqiang,1,426,Politician,2026-09-21
Li Qiang,1,469,Politician,2026-09-21
LiAngelo Ball,2,133,NFL,2026-09-21
Liam Neeson,1,421,Actor,2026-09-21
Liana Crypto,1,88,Crypto,2026-09-21
Lil Tay,1,49,Influencer,2026-09-21
Lilly Krug,1,219,Influencer,2026-09-21
Lily Phillips,1,91,Actor,2026-09-21
Linda Cardellini,1,395,Actor,2026-09-21
Linda Cohn,1,271,NFL,2026-09-21
Lindsay Lohan,1,353,Actor,2026-09-21
Lindsey Graham,2,12,Politician,2026-09-21
Lindsey Pelas,1,136,Influencer,2026-09-21
Lindy Waters III,1,320,NBA,2026-09-21
Lino Crypto,1,44,Crypto,2026-09-21
Lionel Messi,1,36,Actor,2026-09-21
Lionel Richie,1,378,Actor,2026-09-21
Lisa Ann,1,217,Actor,2026-09-21
Lisa Marie Presley,1,278,Actor,2026-09-21
Lit Killah,1,255,Influencer,2026-09-21
Liver King,1,144,Influencer,2026-09-21
Liz Cambage,1,284,NBA,2026-09-21
Liz Truss,1,400,Politician,2026-09-21
Logan Paul,1,36,Influencer,2026-09-21
Logan Sargeant,1,194,Billionaire,2026-09-21
Lola Moreno,1,325,Influencer,2026-09-21
Lonzo Ball,1,64,NBA,2026-09-21
Lord Byron,1,321,Politician,2026-09-21
Louis Partridge,1,345,Actor,2026-09-21
Lu Shiow-yen,1,472,Politician,2026-09-21
Luana Lopes Lara,1,161,Billionaire,2026-09-21
Luciano Hang,1,203,Billionaire,2026-09-21
Luck Ra,1,213,Influencer,2026-09-21
Lucky Blue Smith,1,127,Influencer,2026-09-21
Lucy Boynton,1,367,Politician,2026-09-21
Lucy Guo,2,156,Billionaire,2026-09-21
Lucy Wyndham-Read,1,1,Influencer,2026-09-21
Luguentz Dort,1,196,NBA,2026-09-21
Luis Crypto,1,62,Crypto,2026-09-21
Luisito Comunica,1,183,Influencer,2026-09-21
Luiz Inácio Lula da Silva,1,38,Politician,2026-09-21
Luka Dončić,1,34,NBA,2026-09-21
Luke Bateman,1,266,Influencer,2026-09-21
Luke Kennard,1,304,NBA,2026-09-21
Luke Kornet,1,173,NBA,2026-09-21
Luke Kuechly,1,132,NFL,2026-09-21
Lulu Chu,1,306,Actor,2026-09-21
Lupita Nyong'o,1,208,Politician,2026-09-21
Lusia Chebotina,1,148,Influencer,2026-09-21
Luther Burden III,2,213,NFL,2026-09-21
Luva de Pedreiro,1,308,Influencer,2026-09-21
Luyanda Zwane,1,163,Influencer,2026-09-21
Lynsi Snyder,1,190,Billionaire,2026-09-21
MC Pipokinha,1,88,Influencer,2026-09-21
MSPUIYI,1,40,Influencer,2026-09-21
Ma Ying-jeou,1,416,Politician,2026-09-21
Maaz Crypto,1,126,Crypto,2026-09-21
Mac Jones,1,156,NFL,2026-09-21
Mac McClung,1,155,NBA,2026-09-21
Mackenzie Ziegler,1,105,Influencer,2026-09-21
Macky Sall,1,465,Politician,2026-09-21
Madeline Argy,1,198,Influencer,2026-09-21
Madonna,1,77,Actor,2026-09-21
Magic Johnson,1,81,NBA,2026-09-21
Mahathir Mohamad,1,452,Politician,2026-09-21
Mahlagha Jaberi,1,262,Influencer,2026-09-21
Mahmoud Ahmadinejad,1,108,Politician,2026-09-21
Makai Lemon,1,163,NFL,2026-09-21
Malachi Fields,1,382,NFL,2026-09-21
Malachi Toney,1,331,NFL,2026-09-21
Malik Beasley,1,142,NBA,2026-09-21
Malik Nabers,1,110,NFL,2026-09-21
Malik Willis,1,157,NFL,2026-09-21
Malika Andrews,1,279,NBA,2026-09-21
Mallikarjun Kharge,1,328,Politician,2026-09-21
Mallory McMorrow,1,353,Politician,2026-09-21
Malu Trevejo,1,116,Influencer,2026-09-21
Mamata Banerjee,1,148,Politician,2026-09-21
Manelyk González,1,366,Influencer,2026-09-21
Manmohan Singh,1,256,Politician,2026-09-21
Mannuel Crypto,1,135,Crypto,2026-09-21
Manny Pacquiao,1,106,Politician,2026-09-21
Manon Aubry,1,466,Politician,2026-09-21
Mansour bin Zayed Al Nahyan,1,148,Billionaire,2026-09-21
Manu Ginóbili,1,237,NBA,2026-09-21
Manu Ríos,1,140,Influencer,2026-09-21
Manuel Adorni,1,274,Politician,2026-09-21
Manute Bol,1,241,NBA,2026-09-21
MarShawn Lloyd,1,249,NFL,2026-09-21
Marc Blucas,1,159,NBA,2026-09-21
Marc Mma Crypto,1,22,Crypto,2026-09-21
Marc Rowan,1,166,Billionaire,2026-09-21
Marco Rubio,1,34,Politician,2026-09-21
Marcus Crypto,1,63,Crypto,2026-09-21
Marcus Mariota,1,313,NFL,2026-09-21
Marcus Mosiah Garvey,1,220,Influencer,2026-09-21
Marcus Smart,1,242,NBA,2026-09-21
Margaret Qualley,1,152,Actor,2026-09-21
Margot Robbie,1,156,Actor,2026-09-21
Mariana Rodríguez Cantú,1,357,Influencer,2026-09-21
Mariano Rajoy,1,442,Politician,2026-09-21
Marilyn Monroe,1,210,Actor,2026-09-21
Marine Johannes,1,376,NBA,2026-09-21
Marine Le Pen,1,68,Politician,2026-09-21
Mario Hezonja,1,248,NBA,2026-09-21
Mario Nawfal,1,125,Influencer,2026-09-21
Mario Vargas Llosa,1,475,Politician,2026-09-21
Marisa Tomei,1,229,Actor,2026-09-21
Mariska Hargitay,1,422,Actor,2026-09-21
Marjid Cryptonite,1,32,Crypto,2026-09-21
Marjorie Taylor Greene,1,53,Politician,2026-09-21
Mark Antony,1,404,Politician,2026-09-21
Mark Carney,1,39,Politician,2026-09-21
Mark Cuban,2,62,Billionaire,2026-09-21
Mark Davis,1,463,NFL,2026-09-21
Mark Kelly,1,154,Politician,2026-09-21
Mark Mateschitz,1,178,Billionaire,2026-09-21
Mark McGwire,1,307,NFL,2026-09-21
Mark Ruffalo,1,408,Actor,2026-09-21
Mark Rutte,1,220,Politician,2026-09-21
Mark Sanchez,1,264,NFL,2026-09-21
Mark Wahlberg,1,234,Actor,2026-09-21
Mark Zuckerberg,2,48,Billionaire,2026-09-21
Markelle Fultz,1,413,NBA,2026-09-21
Marko Jarić,1,330,NBA,2026-09-21
Markus Persson,1,92,Billionaire,2026-09-21
Markus Söder,1,392,Politician,2026-09-21
Markwayne Mullin,1,238,Politician,2026-09-21
Marlee Matlin,1,282,NFL,2026-09-21
Marques Brownlee,1,187,Influencer,2026-09-21
Marquis de Sade,1,368,Politician,2026-09-21
Marsha Blackburn,1,337,Politician,2026-09-21
Marshawn Kneeland,1,451,NFL,2026-09-21
Marshawn Lynch,1,106,NFL,2026-09-21
Marta Díaz,1,95,Influencer,2026-09-21
Martha Stewart,1,86,Actor,2026-09-21
Martina Vismara,1,190,Influencer,2026-09-21
Marvin Gaye,1,91,NBA,2026-09-21
Marvin Harrison Jr.,1,218,NFL,2026-09-21
Mary Mouser,1,76,Influencer,2026-09-21
María Corina Machado,1,306,Politician,2026-09-21
Mason Rudolph,1,338,NFL,2026-09-21
Masoud Pezeshkian,1,125,Politician,2026-09-21
Master P,1,289,NBA,2026-09-21
Matan Even,1,371,NBA,2026-09-21
Matas Buzelis,1,425,NBA,2026-09-21
Mathieu Fortin,1,41,Crypto,2026-09-21
Matisse Thybulle,1,322,NBA,2026-09-21
Matt Barnes,1,446,NBA,2026-09-21
Matt Damon,1,76,Actor,2026-09-21
Matt Leinart,1,392,NFL,2026-09-21
Matt Ryan,1,383,NFL,2026-09-21
Matt Schaub,1,155,NFL,2026-09-21
Matteo Salvini,1,457,Politician,2026-09-21
Matthew Golden,1,455,NFL,2026-09-21
Matthew McConaughey,1,224,Actor,2026-09-21
Matthew Stafford,1,108,NFL,2026-09-21
Max Strus,1,388,NBA,2026-09-21
Max Verstappen,1,161,Actor,2026-09-21
Maxx Crosby,1,52,NFL,2026-09-21
Maya Rudolph,1,112,Politician,2026-09-21
Mayci Neeley,1,0,Influencer,2026-09-21
Maye Musk,1,135,Influencer,2026-09-21
Mckenna Grace,1,194,Actor,2026-09-21
Megan Fox,1,97,Actor,2026-09-21
Megan Thee Stallion,1,470,Actor,2026-09-21
"Meghan, Duchess of Sussex",1,87,Actor,2026-09-21
Mehdi Crypto,1,134,Crypto,2026-09-21
Mehdi Nebbou,1,10,Actor,2026-09-21
Mel Gibson,1,436,Actor,2026-09-21
Mel Robbins,1,87,Influencer,2026-09-21
Melania Trump,1,262,Actor,2026-09-21
Meleek Thomas,1,333,NBA,2026-09-21
Melinda French Gates,1,73,Billionaire,2026-09-21
Melissa Crypto,1,137,Crypto,2026-09-21
Melody Marks,1,266,Actor,2026-09-21
Mensah Billionaire,1,17,Billionaire,2026-09-21
Meryl Streep,1,263,Actor,2026-09-21
Metta Sandiford-Artest,1,306,NBA,2026-09-21
Mette Frederiksen,1,434,Politician,2026-09-21
Mia Boyka,1,73,Influencer,2026-09-21
Mia Goth,1,304,Actor,2026-09-21
Mia Khalifa,1,43,Actor,2026-09-21
Mia Malkova,1,98,Actor,2026-09-21
Micah Parsons,1,153,NFL,2026-09-21
Michael B. Jordan,1,449,Actor,2026-09-21
Michael Bambang Hartono,1,138,Billionaire,2026-09-21
Michael Barrymore,1,246,Influencer,2026-09-21
Michael Beasley,1,191,NBA,2026-09-21
Michael Buffer,2,233,NFL,2026-09-21
Michael Connelly,1,358,NBA,2026-09-21
Michael Irvin,1,298,NFL,2026-09-21
Michael J. Saylor,1,87,Billionaire,2026-09-21
Michael Jackson,1,48,Actor,2026-09-21
Michael Johnston,1,16,Actor,2026-09-21
Michael Jordan,2,16,NBA,2026-09-21
Michael Kim,1,189,Billionaire,2026-09-21
Michael Lombardi,1,371,NFL,2026-09-21
Michael McMillian,1,30,Actor,2026-09-21
Michael Oher,1,215,NFL,2026-09-21
Michael Penix Jr.,1,301,NFL,2026-09-21
Michael Pittman,1,373,NFL,2026-09-21
Michael Porter Jr.,1,307,NBA,2026-09-21
Michael S. Dell,1,97,Billionaire,2026-09-21
Michael Strahan,1,225,NFL,2026-09-21
Michael Vick,1,210,NFL,2026-09-21
Michael Wilson,1,334,NFL,2026-09-21
Michelle Monaghan,1,440,Actor,2026-09-21
Michelle Pfeiffer,1,383,Actor,2026-09-21
Michelle Trachtenberg,1,261,Actor,2026-09-21
Michelle Williams,1,88,Politician,2026-09-21
Mick Jagger,1,325,Actor,2026-09-21
Mika Salamanca,1,402,Influencer,2026-09-21
Mikaela Lafuente,1,247,Influencer,2026-09-21
Mikal Bridges,1,55,NBA,2026-09-21
Mikayla Nogueira,1,64,Influencer,2026-09-21
Mike Brown,1,111,NBA,2026-09-21
Mike Conley,1,256,NBA,2026-09-21
Mike Crypto,1,125,Crypto,2026-09-21
Mike Ditka,1,413,NFL,2026-09-21
Mike Evans,1,92,NFL,2026-09-21
Mike Johnson,1,116,Politician,2026-09-21
Mike Love,1,363,NBA,2026-09-21
Mike Macdonald,1,336,NFL,2026-09-21
Mike McCarthy,1,359,NFL,2026-09-21
Mike McDaniel,1,168,NFL,2026-09-21
Mike Pence,1,240,Politician,2026-09-21
Mike Rogers,1,292,Politician,2026-09-21
Mike Tomlin,1,187,NFL,2026-09-21
Mike Vrabel,1,111,NFL,2026-09-21
Mike Washington Jr.,1,376,NFL,2026-09-21
Mikel Brown Jr.,1,319,NBA,2026-09-21
Mikhail Gorbachev,1,130,Politician,2026-09-21
Mikhail Lermontov,1,257,Influencer,2026-09-21
Mikie Billionaire,1,24,Billionaire,2026-09-21
Mila Kunis,1,405,Actor,2026-09-21
Miles Bridges,1,169,NBA,2026-09-21
Miles McBride,1,198,NBA,2026-09-21
Miles Teller,1,435,Actor,2026-09-21
Milett Figueroa,1,355,Influencer,2026-09-21
Miley Cyrus,1,200,Actor,2026-09-21
Milo Ventimiglia,1,166,Actor,2026-09-21
Milo Yiannopoulos,1,44,Influencer,2026-09-21
Mina Kimes,1,228,NFL,2026-09-21
Miriam Adelson,1,361,NBA,2026-09-21
Missa Sinfonia,1,296,Influencer,2026-09-21
Mitch Johnson,1,163,NBA,2026-09-21
Mitch McConnell,1,10,Politician,2026-09-21
Mitchell Robinson,1,35,NBA,2026-09-21
Mitchell Trubisky,1,440,NFL,2026-09-21
Mithun Chakraborty,1,230,Politician,2026-09-21
Mitt Romney,1,359,Politician,2026-09-21
Miuccia Prada,1,179,Billionaire,2026-09-21
Mo Bamba,1,460,NBA,2026-09-21
Moana Pozzi,1,233,Politician,2026-09-21
Mobutu Sese Seko,1,249,Politician,2026-09-21
Moe Crypto,1,113,Crypto,2026-09-21
Mohamed Diawara,1,448,NBA,2026-09-21
Mohammad Bagher Ghalibaf,1,194,Politician,2026-09-21
Mohammed bin Rashid Al Maktoum,1,309,Politician,2026-09-21
Mohammed bin Zayed Al Nahyan,1,212,Politician,2026-09-21
Mohanlal,1,4,Actor,2026-09-21
Mohsen Rezaee,1,378,Politician,2026-09-21
Mojtaba Khamenei,1,40,Politician,2026-09-21
Molly Crypto,1,65,Crypto,2026-09-21
Molly Parker,1,381,Politician,2026-09-21
Molly Qerim,1,435,NFL,2026-09-21
Molly-Mae Hague,1,289,Influencer,2026-09-21
Monica Barbaro,1,274,Actor,2026-09-21
Monica Bellucci,1,187,Actor,2026-09-21
Morena Baccarin,1,239,Actor,2026-09-21
Morez Johnson Jr.,1,303,NBA,2026-09-21
Morgan Freeman,1,299,Actor,2026-09-21
Moritz Wagner,1,431,NBA,2026-09-21
Morris Chang,1,135,Billionaire,2026-09-21
Morris Chestnut,1,171,NBA,2026-09-21
Moses Malone,1,401,NBA,2026-09-21
MrBeast,2,10,Influencer,2026-09-21
Muammar Gaddafi,1,97,Politician,2026-09-21
Muggsy Bogues,1,162,NBA,2026-09-21
Muhammad Ali Jinnah,1,388,Politician,2026-09-21
Mukti Mohan,1,385,Influencer,2026-09-21
Munawar Faruqui,1,170,Influencer,2026-09-21
Murat Ülker,1,183,Billionaire,2026-09-21
Murt Crypto,1,104,Crypto,2026-09-21
Mustafa Kemal Atatürk,1,104,Politician,2026-09-21
Mykhailo Fedorov,1,135,Politician,2026-09-21
Myles Garrett,1,14,NFL,2026-09-21
Myles Turner,1,354,NBA,2026-09-21
N. R. Narayana Murthy,1,211,Billionaire,2026-09-21
N.F.L. Properties,1,1,NFL,2026-09-21
N3on,1,286,NBA,2026-09-21
NBA,1,1,NBA,2026-09-21
Nader El-Jindaoui,1,217,Influencer,2026-09-21
Nadia Omara,1,146,Influencer,2026-09-21
Nadiem Makarim,1,385,Politician,2026-09-21
Naguib Sawiris,1,151,Billionaire,2026-09-21
Najee Harris,1,137,NFL,2026-09-21
Naji Marshall,1,194,NBA,2026-09-21
Namita Dubey,1,218,Influencer,2026-09-21
Nana Mouskouri,1,348,Politician,2026-09-21
Nancy Cartwright,1,9,Actor,2026-09-21
Nancy Mace,1,70,Politician,2026-09-21
Nancy Pelosi,1,147,Politician,2026-09-21
Nandamuri Balakrishna,1,361,Politician,2026-09-21
Nani,1,6,Actor,2026-09-21
Naomi Osaka,1,305,Actor,2026-09-21
Nara Smith,1,48,Influencer,2026-09-21
Narendra Modi,1,32,Politician,2026-09-21
Nassim Lyes,1,345,Influencer,2026-09-21
Natalie Alyn Lind,1,314,Actor,2026-09-21
Natalie Portman,1,168,Actor,2026-09-21
Natasha Nice,1,293,Actor,2026-09-21
Nate Ament,1,233,NBA,2026-09-21
Nate Robinson,2,403,NFL,2026-09-21
Nawaz Sharif,1,346,Politician,2026-09-21
Nayib Bukele,1,136,Politician,2026-09-21
Naz Reid,1,150,NBA,2026-09-21
Nba Saghru,1,2,NBA,2026-09-21
Neemias Queta,1,424,NBA,2026-09-21
Neil Patel,1,358,Influencer,2026-09-21
Nelly,1,148,NBA,2026-09-21
Nelson Mandela,1,54,Politician,2026-09-21
Nelson Peltz,1,113,Billionaire,2026-09-21
Neymar,1,44,Actor,2026-09-21
Nia Long,1,71,NBA,2026-09-21
Nia Sioux,1,288,Influencer,2026-09-21
Nic Claxton,1,290,NBA,2026-09-21
Niccolo Machiavelli,1,121,Politician,2026-09-21
Nicholas Galitzine,1,146,Actor,2026-09-21
Nicholas J. Fuentes,1,37,Influencer,2026-09-21
Nicholas Latifi,1,204,Billionaire,2026-09-21
Nick Bosa,1,220,NFL,2026-09-21
Nick Chubb,1,146,NFL,2026-09-21
Nick Crypto Crusader,1,70,Crypto,2026-09-21
Nick DiGiovanni,1,47,Influencer,2026-09-21
Nick Freitas,1,344,Influencer,2026-09-21
Nick Kamen,1,376,Influencer,2026-09-21
Nick Richards,1,434,NBA,2026-09-21
Nick Robinson,1,128,Actor,2026-09-21
Nick Saban,1,273,NFL,2026-09-21
Nick Shirley,1,91,Influencer,2026-09-21
Nick Singleton,1,447,NFL,2026-09-21
Nick Young,1,477,NBA,2026-09-21
Nicki Minaj,1,279,Actor,2026-09-21
Nico Collins,1,412,NFL,2026-09-21
Nico Crypto,2,13,Crypto,2026-09-21
Nicolae Ceaușescu,1,340,Politician,2026-09-21
Nicolas Cage,1,214,Actor,2026-09-21
Nicolas Sarkozy,1,263,Politician,2026-09-21
Nicole Kidman,1,147,Actor,2026-09-21
Nicolás Maduro,1,67,Politician,2026-09-21
Nigel Farage,1,43,Politician,2026-09-21
Nigo,1,137,Billionaire,2026-09-21
Nikhil Kamath,1,121,Billionaire,2026-09-21
Nikita Dragun,1,235,Influencer,2026-09-21
Nikki Haley,1,393,Politician,2026-09-21
Nikocado Avocado,1,122,Influencer,2026-09-21
Nikol Pashinyan,1,232,Politician,2026-09-21
Nikola Jokić,1,61,NBA,2026-09-21
Nikola Jović,1,346,NBA,2026-09-21
Nikola Topić,1,192,NBA,2026-09-21
Nikola Vučević,1,353,NBA,2026-09-21
Nikolai Valuev,1,479,Politician,2026-09-21
Nikolas Ferreira,1,333,Politician,2026-09-21
Nina Agdal,1,109,Influencer,2026-09-21
Nina Dobrev,1,333,Actor,2026-09-21
Nina Warken,1,341,Politician,2026-09-21
Nirmal Purja,1,226,Actor,2026-09-21
Nirmala Sitharaman,1,421,Politician,2026-09-21
Nithya Raman,1,150,Politician,2026-09-21
Nitin Gadkari,1,163,Politician,2026-09-21
Nnamdi Asomugha,1,287,NFL,2026-09-21
Noah Beck,1,90,Influencer,2026-09-21
Nora Roberts,1,94,Billionaire,2026-09-21
Norman Powell,1,96,NBA,2026-09-21
Novak Djokovic,1,68,Actor,2026-09-21
Nuray Istiqbal,1,16,Influencer,2026-09-21
O. J. Simpson,1,18,NFL,2026-09-21
O. Panneerselvam,1,482,Politician,2026-09-21
OG Anunoby,1,12,NBA,2026-09-21
Odell Beckham Jr.,1,30,NFL,2026-09-21
Oh Se-hoon,1,207,Politician,2026-09-21
Oksana Fedorova,1,209,Billionaire,2026-09-21
Olan Prenatt,1,348,Influencer,2026-09-21
Oleg Deripaska,1,143,Billionaire,2026-09-21
Oleg Tinkov,1,103,Billionaire,2026-09-21
Oliver Cromwell,1,349,Politician,2026-09-21
Olivia Cooke,1,206,Actor,2026-09-21
Olivia Culpo,1,89,Influencer,2026-09-21
Olivia Palermo,1,347,Influencer,2026-09-21
Olivia Ponton,1,130,Influencer,2026-09-21
Olivia Rodrigo,1,83,Actor,2026-09-21
Olivia Wilde,1,241,Actor,2026-09-21
Omar Cooper Jr.,1,470,NFL,2026-09-21
Omar Hamid García Harfuch,1,370,Politician,2026-09-21
Omarion Hampton,1,324,NFL,2026-09-21
Oprah Winfrey,1,54,Billionaire,2026-09-21
Oriana Marzoli,1,291,Influencer,2026-09-21
Orion Hindawi,1,61,Billionaire,2026-09-21
Orlando Bloom,1,429,Actor,2026-09-21
Orlando Bravo,1,205,Billionaire,2026-09-21
Osama bin Laden,1,52,Billionaire,2026-09-21
Oscar Robertson,1,438,NBA,2026-09-21
Oswald Mosley,1,422,Politician,2026-09-21
Owen Crypto,1,37,Crypto,2026-09-21
Ozzy Osbourne,1,438,Actor,2026-09-21
P.J. Washington,1,316,NBA,2026-09-21
Pablo Escobar,1,27,Politician,2026-09-21
Pablo Marçal,2,80,Influencer,2026-09-21
Pablo Neruda,1,354,Politician,2026-09-21
Paige DeSorbo,1,124,Influencer,2026-09-21
Paige Lorenze,1,92,Influencer,2026-09-21
Palm Beach Pete,1,42,Influencer,2026-09-21
Pam Bondi,1,101,Politician,2026-09-21
Pamela Anderson,1,281,Actor,2026-09-21
Pamela Reif,1,157,Influencer,2026-09-21
Pansy Ho,1,186,Billionaire,2026-09-21
Paola Locatelli,1,359,Influencer,2026-09-21
Paolo Banchero,1,281,NBA,2026-09-21
Paolo Crypto,1,105,Crypto,2026-09-21
Paresh Rawal,1,462,Politician,2026-09-21
Paris Fury,1,242,Influencer,2026-09-21
Paris Hilton,2,19,Influencer,2026-09-21
Paris Jackson,2,14,Influencer,2026-09-21
Parker Washington,1,323,NFL,2026-09-21
Pascal Siakam,1,152,NBA,2026-09-21
Pasha Pozdniakova,1,284,Influencer,2026-09-21
Pat McAfee,1,77,NFL,2026-09-21
Pat Riley,1,245,NBA,2026-09-21
Pat Tillman,1,286,NFL,2026-09-21
Patrice Lumumba,1,184,Politician,2026-09-21
Patrice Motsepe,1,167,Billionaire,2026-09-21
Patrick Beverley,1,414,NBA,2026-09-21
Patrick Bruel,1,311,Actor,2026-09-21
Patrick Ewing,1,101,NBA,2026-09-21
Patrick Mahomes,1,25,NFL,2026-09-21
Patrick Swayze,1,443,Actor,2026-09-21
Pau Gasol,1,344,NBA,2026-09-21
Paul Allen,2,248,NFL,2026-09-21
Paul Biya,1,177,Politician,2026-09-21
Paul Cryptoformation,1,12,Crypto,2026-09-21
Paul George,1,49,NBA,2026-09-21
Paul Kagame,1,390,Politician,2026-09-21
Paul McCartney,1,297,Actor,2026-09-21
Paul Pierce,1,342,NBA,2026-09-21
Paul Pogba,1,357,Actor,2026-09-21
Paul Tudor Jones,1,196,Billionaire,2026-09-21
Paul Walker,1,269,Actor,2026-09-21
Paula Abdul,1,176,NBA,2026-09-21
Pauline Hanson,1,93,Politician,2026-09-21
Pawan Kalyan,1,144,Politician,2026-09-21
Pawan Singh,1,277,Politician,2026-09-21
Payton Pritchard,1,321,NBA,2026-09-21
Pedro Pascal,1,289,Actor,2026-09-21
Pedro Sánchez,1,82,Politician,2026-09-21
Pelle Larsson,1,427,NBA,2026-09-21
Pelé,1,143,Actor,2026-09-21
Penny Hardaway,1,404,NBA,2026-09-21
Penélope Cruz,1,185,Actor,2026-09-21
Perez Hilton,2,8,Influencer,2026-09-21
Pernille Teisbæk,1,3,Influencer,2026-09-21
Pervez Musharraf,1,386,Politician,2026-09-21
Pete Buttigieg,1,133,Politician,2026-09-21
Pete Hegseth,1,356,Actor,2026-09-21
Pete Maravich,1,351,NBA,2026-09-21
Peter Thiel,1,375,Actor,2026-09-21
Peyman Crypto,1,86,Crypto,2026-09-21
Peyton Manning,1,95,NFL,2026-09-21
Peyton Watson,1,121,NBA,2026-09-21
Pham Nhat Vuong,1,90,Billionaire,2026-09-21
Pharrell Williams,1,59,Billionaire,2026-09-21
Phil Collins,1,434,Actor,2026-09-21
Phil Jackson,1,291,NBA,2026-09-21
Phil Knight,1,115,Billionaire,2026-09-21
Philip Rivers,1,387,NFL,2026-09-21
Philipp Amthor,1,369,Politician,2026-09-21
Philipp Plein,1,91,Billionaire,2026-09-21
Phoebe Gates,1,60,Influencer,2026-09-21
Pierce Brosnan,1,480,Actor,2026-09-21
Piero Ferrari,1,129,Billionaire,2026-09-21
Pierre Crypto,1,98,Crypto,2026-09-21
Pierre Poilievre,1,213,Politician,2026-09-21
Piet Crypto,1,111,Crypto,2026-09-21
Pietro Boselli,1,276,Influencer,2026-09-21
Piper Rockelle,1,148,Actor,2026-09-21
Pitbull,1,403,Actor,2026-09-21
Pokimane,1,18,Influencer,2026-09-21
Pol Pot,1,178,Politician,2026-09-21
Poonam Pandey,1,38,Influencer,2026-09-21
Post Malone,1,432,Actor,2026-09-21
Prabowo Subianto,1,74,Politician,2026-09-21
Prakash Raj,1,288,Politician,2026-09-21
Prashant Kishor,1,203,Politician,2026-09-21
Prince,1,468,Actor,2026-09-21
Princess Maria Carolina of Bourbon Two Sicilies,1,372,Influencer,2026-09-21
Priyanka Chopra,1,255,Actor,2026-09-21
Priyanka Gandhi Vadra,1,308,Politician,2026-09-21
Puka Nacua,1,50,NFL,2026-09-21
Puma Shen,1,176,Politician,2026-09-21
Péter Magyar,1,115,Politician,2026-09-21
Quavo,1,230,NBA,2026-09-21
Queen Victoria,1,20,Influencer,2026-09-21
Quenlin Blackwell,1,161,Influencer,2026-09-21
Quentin Grimes,1,195,NBA,2026-09-21
Quentin Tarantino,1,416,Actor,2026-09-21
Quinn Ewers,1,256,NFL,2026-09-21
Quinshon Judkins,1,365,NFL,2026-09-21
RJ Barrett,1,389,NBA,2026-09-21
Rachel McAdams,1,253,Actor,2026-09-21
Rachel Reeves,1,297,Politician,2026-09-21
Radhika,1,449,Politician,2026-09-21
Rafa Kalimann,1,281,Influencer,2026-09-21
Raghad Hussein,1,470,Politician,2026-09-21
Raghav Chadha,1,373,Politician,2026-09-21
Rahm Emanuel,1,300,Politician,2026-09-21
Rahul Gandhi,1,52,Politician,2026-09-21
Raj Shamani,1,179,Influencer,2026-09-21
Rajesh Khanna,1,334,Politician,2026-09-21
Rajon Rondo,1,336,NBA,2026-09-21
Rakesh Jhunjhunwala,1,140,Billionaire,2026-09-21
Rakhi Sawant,1,296,Politician,2026-09-21
Ralph Lauren,1,198,Billionaire,2026-09-21
Ramzan Kadyrov,1,264,Politician,2026-09-21
Rand Paul,1,209,Politician,2026-09-21
Randy Fine,1,166,Politician,2026-09-21
Randy Moss,1,224,NFL,2026-09-21
Raphael Crypto,1,83,Crypto,2026-09-21
Raphael Warnock,1,85,Politician,2026-09-21
Raphaël Glucksmann,1,231,Politician,2026-09-21
Raquel Lyra,1,290,Politician,2026-09-21
Rashee Rice,1,66,NFL,2026-09-21
Rasheed Wallace,1,471,NBA,2026-09-21
Rashmika Mandanna,1,458,Actor,2026-09-21
Ravi Kishan,1,120,Politician,2026-09-21
Ray Allen,1,275,NBA,2026-09-21
Ray Dalio,1,72,Billionaire,2026-09-21
Ray Lewis,1,211,NFL,2026-09-21
Ray Rice,1,415,NFL,2026-09-21
Ray William Johnson,1,207,Influencer,2026-09-21
Rayna Vallandingham,1,85,Influencer,2026-09-21
Raúl Castro,1,360,Politician,2026-09-21
Rebecca Ferguson,1,347,Actor,2026-09-21
Recep Tayyip Erdoğan,1,44,Politician,2026-09-21
Reed Hastings,1,210,Billionaire,2026-09-21
Reese Witherspoon,1,334,Actor,2026-09-21
Reggie Bush,1,341,NFL,2026-09-21
Reggie Miller,1,147,NBA,2026-09-21
Renan Santos,1,57,Politician,2026-09-21
Reno Gold,1,256,Influencer,2026-09-21
Renée Levine Melammed,1,30,Crypto,2026-09-21
Rich Paul,1,168,NBA,2026-09-21
Rich Piana,1,118,Influencer,2026-09-21
Richard Gere,1,346,Actor,2026-09-21
Richard Jefferson,1,377,NBA,2026-09-21
Richie Saunders,1,205,NBA,2026-09-21
Rick Fox,2,314,NBA,2026-09-21
Rick Ross,1,58,Billionaire,2026-09-21
Ricky Pearsall,1,179,NFL,2026-09-21
Ricky Williams,1,444,NFL,2026-09-21
Rico Dowdle,1,263,NFL,2026-09-21
Rihanna,1,131,Actor,2026-09-21
Riley Reid,1,140,Actor,2026-09-21
Rinat Akhmetov,1,152,Billionaire,2026-09-21
Rishi Sunak,1,260,Politician,2026-09-21
Riteish Deshmukh,1,206,Politician,2026-09-21
River Phoenix,1,420,Actor,2026-09-21
Ro Khanna,1,141,Politician,2026-09-21
Rob Dillingham,1,472,NBA,2026-09-21
Rob Gronkowski,1,107,NFL,2026-09-21
Rob Jetten,1,461,Politician,2026-09-21
Rob Riggle,1,152,NFL,2026-09-21
Rob Walton,1,181,Billionaire,2026-09-21
Robert A. Heinlein,1,387,Influencer,2026-09-21
Robert Agostinelli,1,192,Billionaire,2026-09-21
Robert De Niro,1,211,Actor,2026-09-21
Robert Downey Jr.,1,396,Actor,2026-09-21
Robert F. Kennedy,1,124,Politician,2026-09-21
Robert Griffin III,1,399,NFL,2026-09-21
Robert Horry,1,464,NBA,2026-09-21
Robert Kraft,2,119,Billionaire,2026-09-21
Robert Pattinson,1,104,Actor,2026-09-21
Robert Saleh,1,423,NFL,2026-09-21
Robert Williams III,1,410,NBA,2026-09-21
Roberto Vannacci,1,160,Politician,2026-09-21
Robin Crypto,1,43,Crypto,2026-09-21
Robin Roberts,1,416,NFL,2026-09-21
Robin Tunney,1,358,Actor,2026-09-21
Robin Williams,1,282,Actor,2026-09-21
Rod Billionaire,1,34,Billionaire,2026-09-21
Rodrigo Duterte,1,320,Politician,2026-09-21
Roger Craig,1,236,NFL,2026-09-21
Roger Federer,1,364,Actor,2026-09-21
Rohini,1,314,Influencer,2026-09-21
Roland Crypto,1,122,Crypto,2026-09-21
Roman Abramovich,1,168,Politician,2026-09-21
Roman Reigns,1,15,NFL,2026-09-21
Rome Odunze,1,386,NFL,2026-09-21
Romelu Lukaku,1,122,Actor,2026-09-21
Romeo Doubs,1,314,NFL,2026-09-21
Romulo Estrela,1,403,Influencer,2026-09-21
Romário,1,100,Politician,2026-09-21
Ron DeSantis,1,210,Politician,2026-09-21
Ron Harper,1,138,NBA,2026-09-21
Ron Harper Jr.,1,161,NBA,2026-09-21
Ronald Reagan,1,87,Politician,2026-09-21
Ronaldo,1,159,Actor,2026-09-21
Ronaldo Caiado,1,224,Politician,2026-09-21
Rondale Moore,1,33,NFL,2026-09-21
Ronnie Hickman,1,167,NFL,2026-09-21
Rosamund Pike,1,481,Actor,2026-09-21
Rosanna Pansino,1,200,Influencer,2026-09-21
Rose Byrne,1,393,Actor,2026-09-21
Rosángela Espinoza,1,299,Influencer,2026-09-21
Royce White,1,104,NBA,2026-09-21
Rubin Carter,1,166,NFL,2026-09-21
Rubina Dilaik,1,143,Influencer,2026-09-21
Ruby Franke,1,78,Influencer,2026-09-21
Rubén Rocha Moya,1,295,Politician,2026-09-21
Rudolf Hess,1,278,Politician,2026-09-21
Rudy Giuliani,1,242,Politician,2026-09-21
Rudy Gobert,1,232,NBA,2026-09-21
Ruhollah Khomeini,1,180,Politician,2026-09-21
Rui Hachimura,1,62,NBA,2026-09-21
Ruja Ignatova,1,0,Crypto,2026-09-21
Rumi,1,34,Influencer,2026-09-21
Rupert Friend,1,229,Politician,2026-09-21
Rupert Lowe,1,138,Politician,2026-09-21
Rush Limbaugh,1,250,NFL,2026-09-21
Russell Crowe,1,380,Actor,2026-09-21
Russell Westbrook,2,22,NBA,2026-09-21
Russell Wilson,1,56,NFL,2026-09-21
Ryan Clark,1,40,NFL,2026-09-21
Ryan Gosling,1,90,Actor,2026-09-21
Ryan Murphy,1,270,Politician,2026-09-21
Ryan Reynolds,1,160,Actor,2026-09-21
Ryan Trahan,1,111,Influencer,2026-09-21
Saayoni Ghosh,1,214,Politician,2026-09-21
Sabrina Carpenter,1,72,Actor,2026-09-21
Sabrina Ionescu,1,118,NBA,2026-09-21
Sacha Baron Cohen,1,471,Actor,2026-09-21
Saddam Hussein,1,56,Politician,2026-09-21
Sadie Mckenna,1,151,Influencer,2026-09-21
Sadie Robertson,1,171,Influencer,2026-09-21
Sadie Sink,1,65,Actor,2026-09-21
Sadiq Khan,1,454,Politician,2026-09-21
Sage Steele,1,475,NBA,2026-09-21
Saheed Osupa,1,369,Influencer,2026-09-21
Sahra Wagenknecht,1,430,Politician,2026-09-21
Saint Carlo Acutis,1,68,Influencer,2026-09-21
Salim Crypto,1,129,Crypto,2026-09-21
Salish Matter,1,268,Actor,2026-09-21
Sally Field,1,483,Actor,2026-09-21
Salma Hayek,1,182,Actor,2026-09-21
Salman Khan,1,319,Actor,2026-09-21
Sam Altman,1,45,Billionaire,2026-09-21
Sam Darnold,1,120,NFL,2026-09-21
Sam Elliott,1,284,Actor,2026-09-21
Sam Howell,1,265,NFL,2026-09-21
Sam LaPorta,1,411,NFL,2026-09-21
Sam Leavitt,1,452,NFL,2026-09-21
Sam Neill,1,67,Actor,2026-09-21
Sam Ryder,1,317,Influencer,2026-09-21
Sam Spence,1,0,NFL,2026-09-21
Sam Sulek,1,119,Influencer,2026-09-21
Sam Worthington,1,186,Actor,2026-09-21
Samara Weaving,1,137,Actor,2026-09-21
Samuel Crypto,1,77,Crypto,2026-09-21
Samvel Karapetyan,1,185,Billionaire,2026-09-21
Samy Naceri,1,186,Influencer,2026-09-21
Samy Rivers,1,159,Influencer,2026-09-21
Sanae Takaichi,1,305,Politician,2026-09-21
Sandra Bullock,1,198,Actor,2026-09-21
Sandra Cuevas,1,234,Politician,2026-09-21
Sandro Mamukelashvili,2,121,NFL,2026-09-21
Sanjay Raut,1,376,Politician,2026-09-21
Sanjiv Goenka,1,200,Billionaire,2026-09-21
Santiago Ramos,1,31,Actor,2026-09-21
Sanya Malhotra,1,104,Influencer,2026-09-21
Saquon Barkley,1,102,NFL,2026-09-21
Sara Duterte,1,402,Politician,2026-09-21
Sara Jay,1,164,Actor,2026-09-21
Sarah Crypto,1,142,Crypto,2026-09-21
Sarah Knafo,1,408,Politician,2026-09-21
Sarah Palin,1,181,Politician,2026-09-21
Sarah Shahi,2,8,NFL,2026-09-21
Sasha Grey,1,339,Actor,2026-09-21
Sauce Gardner,1,27,NFL,2026-09-21
Savannah Bond,1,407,Actor,2026-09-21
Savannah Chrisley,1,180,Influencer,2026-09-21
Sayani Gupta,1,185,Influencer,2026-09-21
Scarlett Johansson,1,79,Actor,2026-09-21
Scarlit Scandal,1,53,Influencer,2026-09-21
Scoot Henderson,1,384,NBA,2026-09-21
Scottie Barnes,1,305,NBA,2026-09-21
Scottie Pippen,1,113,NBA,2026-09-21
Sean Duffy,1,343,Politician,2026-09-21
Sean McDermott,1,372,NFL,2026-09-21
Sean McVay,1,390,NFL,2026-09-21
Sean Payton,1,427,NFL,2026-09-21
Sean Taylor,1,388,NFL,2026-09-21
Seeman,1,446,Politician,2026-09-21
Selahattin Demirtaş,1,394,Politician,2026-09-21
Selena Gomez,1,139,Actor,2026-09-21
Selvaggia Lucarelli,1,342,Influencer,2026-09-21
Serayah McNeill,1,182,Influencer,2026-09-21
Sergei Ivanov,1,216,Politician,2026-09-21
Sergey Galitsky,1,153,Billionaire,2026-09-21
Sergey Sobyanin,1,159,Billionaire,2026-09-21
Sergio De Larrea,1,349,NBA,2026-09-21
Seth Curry,1,236,NBA,2026-09-21
Seth Moulton,1,379,Politician,2026-09-21
Shabana Mahmood,1,350,Politician,2026-09-21
Shaedon Sharpe,1,487,NBA,2026-09-21
Shah Rukh Khan,1,341,Actor,2026-09-21
Shahid Khan,1,468,NFL,2026-09-21
Shai Gilgeous-Alexander,1,97,NBA,2026-09-21
Shakira,1,49,Actor,2026-09-21
Shalini Pandey,1,106,Influencer,2026-09-21
Shams Charania,1,75,NBA,2026-09-21
Shane Larkin,1,367,NBA,2026-09-21
Shane Mosley,1,388,Influencer,2026-09-21
Shanky Crypto,1,150,Crypto,2026-09-21
Shannon Sharpe,1,144,NFL,2026-09-21
Shaquille O'Neal,1,57,NBA,2026-09-21
Sharad Pawar,1,316,Politician,2026-09-21
Shashi Tharoor,1,362,Politician,2026-09-21
Shaunie Henderson,1,412,NBA,2026-09-21
Shedeur Sanders,1,11,NFL,2026-09-21
Shefali Jariwala,1,254,Influencer,2026-09-21
Shehbaz Sharif,1,352,Politician,2026-09-21
Sheikh Hasina,1,99,Politician,2026-09-21
Shelby Crypto,1,91,Crypto,2026-09-21
Shemar Stewart,1,476,NFL,2026-09-21
Shenaz Treasurywala,1,354,Influencer,2026-09-21
Shia LaBeouf,1,247,Actor,2026-09-21
Shilo Sanders,1,306,NFL,2026-09-21
Shirley Temple,1,105,Politician,2026-09-21
Shivangi Kolhapure,1,13,Actor,2026-09-21
Silvio Berlusconi,1,271,Politician,2026-09-21
Simon Desue,1,320,Influencer,2026-09-21
Simon Minter,1,332,Influencer,2026-09-21
Simone Mendes,1,195,Influencer,2026-09-21
Simón Bolívar,1,175,Politician,2026-09-21
Sisley Choi,1,321,Influencer,2026-09-21
Smart Billionaire Fresh,1,21,Billionaire,2026-09-21
Sneako,1,96,Influencer,2026-09-21
Sofia Crnilovic,1,371,Influencer,2026-09-21
Sofia Franklyn,1,333,Influencer,2026-09-21
Sofía Vergara,1,175,Actor,2026-09-21
Sonia Amat,1,221,Influencer,2026-09-21
Sonia Gandhi,1,237,Politician,2026-09-21
Sonny Bono,1,417,Politician,2026-09-21
Sonny Styles,1,353,NFL,2026-09-21
Sophia Barclay,1,203,Influencer,2026-09-21
Sophia Wilson,1,280,NFL,2026-09-21
Sophie Dee,1,466,Actor,2026-09-21
Sophie Hall,1,176,Influencer,2026-09-21
Sophie Turner,1,238,Actor,2026-09-21
Spanian,1,395,Influencer,2026-09-21
Spencer Haywood,1,489,NBA,2026-09-21
Spencer Rattler,1,473,NFL,2026-09-21
Sridhar Vembu,1,126,Billionaire,2026-09-21
Sriya Reddy,1,204,Influencer,2026-09-21
Ssunbiki,1,365,Influencer,2026-09-21
Stacey King,1,69,NBA,2026-09-21
Stan Crypto,1,25,Crypto,2026-09-21
Stan Kroenke,3,84,Billionaire,2026-09-21
Stanley Druckenmiller,1,124,Billionaire,2026-09-21
Stanley Ho,1,125,Billionaire,2026-09-21
Stanley Tucci,1,385,Actor,2026-09-21
Stefon Diggs,1,20,NFL,2026-09-21
Stella Lefty,1,50,Billionaire,2026-09-21
Stepan Bandera,1,395,Politician,2026-09-21
Stephanie McMahon,1,0,Billionaire,2026-09-21
Stephen A. Smith,1,66,NBA,2026-09-21
Stephen Curry,1,13,NBA,2026-09-21
Stephon Castle,1,36,NBA,2026-09-21
Stetson Bennett,1,269,NFL,2026-09-21
Steve Ballmer,1,246,NBA,2026-09-21
Steve Bannon,1,458,Politician,2026-09-21
Steve Gleason,1,190,NFL,2026-09-21
Steve Jobs,1,245,Actor,2026-09-21
Steve Kerr,1,282,NBA,2026-09-21
Steve McNair,1,214,NFL,2026-09-21
Steve Nash,1,200,NBA,2026-09-21
Steven Adams,1,267,NBA,2026-09-21
Steven Spielberg,1,246,Actor,2026-09-21
Stevie Crypto,1,107,Crypto,2026-09-21
Sthefany Brito,1,341,Influencer,2026-09-21
Subhash Chandra,1,132,Billionaire,2026-09-21
Sue Bird,1,263,NBA,2026-09-21
Suge Knight,1,65,NFL,2026-09-21
Suleyman Kerimov,1,109,Billionaire,2026-09-21
Sumit Billionaire,1,22,Billionaire,2026-09-21
Sunayana Fozdar,1,300,Influencer,2026-09-21
Sunjay Kapur,1,134,Billionaire,2026-09-21
Sunny Deol,1,83,Politician,2026-09-21
Sunny Leone,1,192,Actor,2026-09-21
Sunny Sandler,1,414,Actor,2026-09-21
Supriya Sule,1,317,Politician,2026-09-21
Susan Collins,1,110,Politician,2026-09-21
Suvendu Adhikari,1,356,Politician,2026-09-21
Sven Crypto,1,118,Crypto,2026-09-21
Sweetie Fox,1,47,Actor,2026-09-21
Sydney Sweeney,1,51,Actor,2026-09-21
Sylvester Stallone,1,157,Actor,2026-09-21
Sébastien Lecornu,1,459,Politician,2026-09-21
Sérgio Reis,1,435,Politician,2026-09-21
T. J. Watt,1,292,NFL,2026-09-21
Tacko Fall,1,122,NBA,2026-09-21
Taeyong,1,142,Influencer,2026-09-21
Takashi Kawamura,1,6,Politician,2026-09-21
Tank Dell,1,241,NFL,2026-09-21
Tarcísio de Freitas,1,447,Politician,2026-09-21
Tarik Biberovic,1,461,NBA,2026-09-21
Taron Egerton,2,49,Billionaire,2026-09-21
Tarris Reed Jr.,1,390,NBA,2026-09-21
Tate McRae,1,184,Actor,2026-09-21
Tati Zaqui,1,324,Influencer,2026-09-21
Tatyana Kim,1,80,Billionaire,2026-09-21
Taylen Green,1,381,NFL,2026-09-21
Taylor Frankie Paul,1,56,Influencer,2026-09-21
Taylor Lewan,1,485,NFL,2026-09-21
Taylor Sheridan,1,418,Actor,2026-09-21
Taylor Swift,1,42,Actor,2026-09-21
Taysom Hill,1,176,NFL,2026-09-21
Teala Dunn,1,384,Influencer,2026-09-21
Ted Cruz,1,200,Politician,2026-09-21
Ted Kennedy,1,312,Politician,2026-09-21
Teddy Bridgewater,1,460,NFL,2026-09-21
Tee Higgins,1,297,NFL,2026-09-21
Terence Crawford,1,120,NBA,2026-09-21
Terrell Owens,1,355,NFL,2026-09-21
Terrion Arnold,1,9,NFL,2026-09-21
Terry Bradshaw,1,99,NFL,2026-09-21
Terry Crews,1,17,NFL,2026-09-21
Terry Gou,2,70,Billionaire,2026-09-21
Terry McLaurin,1,303,NFL,2026-09-21
Terry Pegula,1,170,Billionaire,2026-09-21
Terry Rozier,1,368,NBA,2026-09-21
Teyana Taylor,2,29,NBA,2026-09-21
Thais Carla,1,166,Influencer,2026-09-21
Thanasis Antetokounmpo,1,186,NBA,2026-09-21
"The Cyber Nomad (A.k.a ""Crypto Coffee"")",1,40,Crypto,2026-09-21
The Weeknd,1,271,Actor,2026-09-21
TheGrefg,1,241,Influencer,2026-09-21
TheHeartsandCake90,1,6,Influencer,2026-09-21
Theo Crypto,1,87,Crypto,2026-09-21
Theo James,1,461,Actor,2026-09-21
Thomas Massie,1,129,Politician,2026-09-21
Thomas Pritzker,1,75,Billionaire,2026-09-21
Thomas Sankara,1,382,Politician,2026-09-21
Tia Bajpai,1,368,Influencer,2026-09-21
Tia Mowry,1,74,Influencer,2026-09-21
Tiago Splitter,1,287,NBA,2026-09-21
Tibo InShape,1,286,Influencer,2026-09-21
Tilly Ramsay,1,184,Influencer,2026-09-21
Tilman Fertitta,1,366,NBA,2026-09-21
Tim Curry,1,55,Actor,2026-09-21
Tim Duncan,1,137,NBA,2026-09-21
Tim Hardaway,1,435,NBA,2026-09-21
Tim Hardaway Jr.,1,343,NBA,2026-09-21
Tim Scott,1,464,Politician,2026-09-21
Tim Tebow,1,169,NFL,2026-09-21
Tim Walz,1,228,Politician,2026-09-21
Timothée Chalamet,1,115,Actor,2026-09-21
Tinx,1,2,Influencer,2026-09-21
To Lam,1,440,Politician,2026-09-21
Tobey Maguire,1,142,Actor,2026-09-21
Tobias Harris,1,167,NBA,2026-09-21
Todd McFarlane,2,409,NFL,2026-09-21
Tom Bradley,1,4,Politician,2026-09-21
Tom Brady,1,5,NFL,2026-09-21
Tom Cruise,1,80,Actor,2026-09-21
Tom Dundon,1,98,Billionaire,2026-09-21
Tom Hanks,1,202,Actor,2026-09-21
Tom Hardy,1,220,Actor,2026-09-21
Tom Holland,1,56,Actor,2026-09-21
Tom Pelissero,1,424,NFL,2026-09-21
Tom Steyer,1,69,Billionaire,2026-09-21
Tommie Lee,1,280,Influencer,2026-09-21
Tommy DeVito,1,259,NFL,2026-09-21
TommyInnit,1,273,Influencer,2026-09-21
Tony Blair,1,313,Politician,2026-09-21
Tony Crypto,1,69,Crypto,2026-09-21
Tony Parker,1,143,NBA,2026-09-21
Tony Robbins,1,123,NBA,2026-09-21
Tony Romo,1,7,NFL,2026-09-21
Tracy McGrady,1,250,NBA,2026-09-21
Trae Young,1,65,NBA,2026-09-21
Travie McCoy,1,191,Billionaire,2026-09-21
Travis Etienne Jr.,1,240,NFL,2026-09-21
Travis Hunter,1,117,NFL,2026-09-21
Travis Kelce,2,4,NFL,2026-09-21
Tre Johnson,2,115,NFL,2026-09-21
TreVeyon Henderson,1,419,NFL,2026-09-21
Trea Turner,1,134,NFL,2026-09-21
Trent McDuffie,1,475,NFL,2026-09-21
Trent Williams,1,421,NFL,2026-09-21
Trevon Diggs,1,112,NFL,2026-09-21
Trevor Lawrence,1,185,NFL,2026-09-21
Trevor Wallace,1,160,Influencer,2026-09-21
Trey Benson,1,457,NFL,2026-09-21
Trey Hendrickson,1,469,NFL,2026-09-21
Trey Lance,1,351,NFL,2026-09-21
Trey McBride,1,288,NFL,2026-09-21
Trey Murphy III,1,172,NBA,2026-09-21
Trina,1,470,NBA,2026-09-21
Trinity Rodman,1,56,NBA,2026-09-21
Triple H,1,190,Actor,2026-09-21
Trisha Paytas,1,62,Influencer,2026-09-21
Tristan Tate,1,126,Influencer,2026-09-21
Tristan Thompson,1,253,NBA,2026-09-21
Troy Aikman,1,270,NFL,2026-09-21
Troy Polamalu,1,328,NFL,2026-09-21
Tru Kait,1,484,Actor,2026-09-21
Trygve Hegnar,1,214,Billionaire,2026-09-21
Tsutomu Satō,1,8,Politician,2026-09-21
Tua Tagovailoa,1,67,NFL,2026-09-21
Tucker Kraft,1,261,NFL,2026-09-21
Tulsi Gabbard,1,103,Politician,2026-09-21
Tupac Shakur,1,170,Actor,2026-09-21
Ty Gibbs,1,116,NFL,2026-09-21
Ty Simpson,1,181,NFL,2026-09-21
Tyler Herro,1,83,NBA,2026-09-21
Tyler Kolek,1,100,NBA,2026-09-21
Tyler Shough,1,239,NFL,2026-09-21
Tyler Warren,1,443,NFL,2026-09-21
Tyran Stokes,1,468,NBA,2026-09-21
Tyreek Hill,1,28,NFL,2026-09-21
Tyrese Haliburton,1,98,NBA,2026-09-21
Tyrese Maxey,1,79,NBA,2026-09-21
Tyrod Taylor,1,441,NFL,2026-09-21
Tyson Bagent,1,362,NFL,2026-09-21
Uday Hussein,1,227,Politician,2026-09-21
Uddhav Thackeray,1,272,Politician,2026-09-21
Udhayanidhi Stalin,1,77,Politician,2026-09-21
Ulrich Crypto,1,170,Crypto,2026-09-21
Ulysses S. Grant,1,259,Politician,2026-09-21
Unpai,1,303,Influencer,2026-09-21
Urmila Matondkar,1,303,Politician,2026-09-21
Ursula von der Leyen,1,189,Politician,2026-09-21
Usher,1,52,NBA,2026-09-21
V,1,52,Actor,2026-09-21
V. J. Edgecombe,1,188,NBA,2026-09-21
Val Kilmer,1,273,Actor,2026-09-21
Valentina Nappi,1,373,Actor,2026-09-21
Valerie Billionaire,1,27,Billionaire,2026-09-21
Vander Billionaire,1,20,Billionaire,2026-09-21
Vanessa Bauche,1,326,Influencer,2026-09-21
Vasilisa Nemtsova,1,35,Actor,2026-09-21
Vehbi Koç,1,102,Billionaire,2026-09-21
VeryDarkMan,1,352,Influencer,2026-09-21
Victor Hugo,1,217,Politician,2026-09-21
Victor Oladipo,1,226,NBA,2026-09-21
Victor Wembanyama,1,6,NBA,2026-09-21
Victoria Beckham,1,455,Actor,2026-09-21
Victoria Bonya,1,145,Influencer,2026-09-21
Victoria Jane Verstappen,1,391,Influencer,2026-09-21
Viktor Orbán,1,155,Politician,2026-09-21
Vin Diesel,1,437,Actor,2026-09-21
Vince Carter,1,274,NBA,2026-09-21
Vince Crypto,1,149,Crypto,2026-09-21
Vince McMahon,1,460,Actor,2026-09-21
Vince Young,1,170,NFL,2026-09-21
Vincent Bolloré,1,171,Billionaire,2026-09-21
Vincent van Gogh,1,472,Actor,2026-09-21
Vinessa Shaw,1,8,Actor,2026-09-21
Vinnie Hacker,1,239,Influencer,2026-09-21
Vinod Khanna,1,401,Politician,2026-09-21
Vinod Khosla,1,63,Billionaire,2026-09-21
Violet McGraw,1,34,Actor,2026-09-21
Violet Myers,1,88,Actor,2026-09-21
Virginia Fonseca,1,17,Influencer,2026-09-21
Vita Vea,1,79,NFL,2026-09-21
Vitali Klitschko,1,219,Politician,2026-09-21
Vivek Ramaswamy,1,225,Politician,2026-09-21
Vivian Jenna Wilson,1,31,Influencer,2026-09-21
Vlad Does Crypto,1,60,Crypto,2026-09-21
Vladimir Crypto,1,173,Crypto,2026-09-21
Vladimir Lenin,1,72,Politician,2026-09-21
Vladimir Putin,2,9,Politician,2026-09-21
Vladislav Doronin,1,187,Billionaire,2026-09-21
Volodymyr Zelenskyy,2,13,Politician,2026-09-21
Von Miller,1,55,NFL,2026-09-21
Walker Kessler,1,60,NBA,2026-09-21
Walt Frazier,1,227,NBA,2026-09-21
Walter Crypto,1,167,Crypto,2026-09-21
Walter Payton,1,433,NFL,2026-09-21
Wanda Potts,1,310,Influencer,2026-09-21
Warren Buffett,1,51,Billionaire,2026-09-21
Wendy Crypto,1,157,Crypto,2026-09-21
Wendy Guevara,1,149,Influencer,2026-09-21
Wes Moore,1,169,Politician,2026-09-21
Wes Streeting,1,397,Politician,2026-09-21
Whitney Houston,2,21,NBA,2026-09-21
Whitney Wolfe Herd,1,201,Billionaire,2026-09-21
Will Anderson Jr.,1,436,NFL,2026-09-21
Will Ferrell,1,379,Actor,2026-09-21
Will Howard,1,226,NFL,2026-09-21
Will Levis,1,109,NFL,2026-09-21
Will Smith,1,337,Actor,2026-09-21
Willem Dafoe,1,479,Actor,2026-09-21
William Howard Taft,1,444,Politician,2026-09-21
William Perry,1,347,NFL,2026-09-21
William Ruto,1,380,Politician,2026-09-21
William Shakespeare,2,35,Politician,2026-09-21
Willis Reed,1,449,NBA,2026-09-21
Wilt Chamberlain,1,119,NBA,2026-09-21
Wissam Al Mana,1,128,Billionaire,2026-09-21
Wladimir Klitschko,1,452,Actor,2026-09-21
Woah Vicky,1,168,Influencer,2026-09-21
Woodrow Wilson,1,323,Politician,2026-09-21
World B. Free,1,268,NBA,2026-09-21
Xavier Becerra,1,137,Politician,2026-09-21
Xavier Legette,1,316,NFL,2026-09-21
Xavier Niel,1,123,Billionaire,2026-09-21
Xavier Worthy,1,367,NFL,2026-09-21
Xi Jinping,1,14,Politician,2026-09-21
Yami Safdie,1,373,Influencer,2026-09-21
Yanet Garcia,1,41,Influencer,2026-09-21
Yang Hansen,1,416,NBA,2026-09-21
Yann LeCun,1,216,Influencer,2026-09-21
Yannick Noah,1,432,NBA,2026-09-21
Yao Ming,1,105,NBA,2026-09-21
Yaxel Lendeborg,1,85,NBA,2026-09-21
Yeri Mua,1,45,Influencer,2026-09-21
Yogi Adityanath,1,281,Politician,2026-09-21
Yoon Suk Yeol,1,355,Politician,2026-09-21
YoungBoy Never Broke Again,1,0,NBA,2026-09-21
Youssou N'Dour,1,424,Politician,2026-09-21
Yua Mikami,2,15,Influencer,2026-09-21
Yuki Kawamura,1,259,NBA,2026-09-21
Zac Efron,1,404,Actor,2026-09-21
Zac Goldsmith,1,110,Billionaire,2026-09-21
Zaccharie Risacher,1,216,NBA,2026-09-21
Zach Charbonnet,1,319,NFL,2026-09-21
Zach Edey,1,392,NBA,2026-09-21
Zach Ertz,1,377,NFL,2026-09-21
Zach LaVine,1,153,NBA,2026-09-21
Zach Wilson,1,178,NFL,2026-09-21
Zach Woods,1,99,Billionaire,2026-09-21
Zachariah Branch,1,437,NFL,2026-09-21
Zah1de,1,153,Influencer,2026-09-21
Zara Larsson,1,126,Actor,2026-09-21
Zarin Shihab,1,278,Influencer,2026-09-21
Zavion Thomas,1,422,NFL,2026-09-21
Zay Flowers,1,192,NFL,2026-09-21
Zaya Wade,1,167,Influencer,2026-09-21
Zeebra,1,442,NBA,2026-09-21
Zeina,1,360,Influencer,2026-09-21
Zeinab Harake,1,346,Influencer,2026-09-21
Zendaya,1,54,Actor,2026-09-21
Zhang Linghe,1,316,Actor,2026-09-21
Zhu Rongji,1,118,Politician,2026-09-21
Ziaire Williams,1,429,NBA,2026-09-21
Zinedine Zidane,1,108,Actor,2026-09-21
Zion Williamson,1,116,NBA,2026-09-21
Zlatan Ibrahimović,1,105,Actor,2026-09-21
Zoe Saldaña,1,213,Actor,2026-09-21
Zoey Deutch,2,15,Politician,2026-09-21
Zohran Mamdani,1,20,Politician,2026-09-21
Zoë Kravitz,1,342,Actor,2026-09-21
laserluca,1,99,Influencer,2026-09-21
will.i.am,2,352,NFL,2026-09-21
xQc,1,114,Influencer,2026-09-21
Àngela Mármol,1,337,Influencer,2026-09-21
Édouard Balladur,1,326,Politician,2026-09-21
Özgür Özel,1,142,Politician,2026-09-21
İbrahim Kutluay,1,480,NBA,2026-09-21
Željko Obradović,1,378,NBA,2026-09-21
